0,1.9908,1.6492,2.1683,2.6761,-2.2852,-0.11427,-1.4668,1.101,0.24955,2.1213,-2.2678,1.948,-2.7379,-1.2378,-0.74655,0.80876,-0.33818,1.3909,2.4534,0.31286,-2.6999,2.6149,-0.21078,1.6549,-2.2626,0.45543,0.57875,0.16943,1.3121,1.1036,2.8223,-0.27271,-0.52173,1.258,-0.7759,0.38292,1.4396,0.39826,0.739,2.1507,2.4603,-1.7741,1.5288,-0.41743,0.6651,2.2212,0.84013,1.0674,2.1786,0.28714,1.5978,0.13809,0.91076,1.5651,1.2622,0.97349,1.8197,1.7707,1.9124,2.6293,2.5645,1.0963,2.1066,2.474,2.5521,0.018412,1.1377,1.7494,2.5469,1.9916,2.9504,0.75192,1.3499,1.278,2.8417,0.64766,1.2488,2.064,1.8798,2.1626,2.6738,2.0439,1.9272,2.9418,1.9339,3.0761,2.4084,0.19628,2.1034,-3.0557,2.6173,2.5667,2.397,0.7205,1.8635,2.5554,2.8806,1.624,2.5041,2.5607,1.9743,3.0393,2.2777,2.6832,2.2022,1.4177,1.9716,2.6996,2.7072,-3.019,2.9363,-1.7724,2.7649,1.7982,2.7385,2.5242,2.6726,-2.7242,-1.9442,1.729,-3.0698,-3.1397,1.6832,-3.1179,-3.1329,-2.7202,-2.5979,3.1416,2.5979,2.7202,3.1329,3.1179,-1.6832,3.1397,3.0698,-1.729,1.9442,2.7242,-2.6726,-2.5242,-2.7385,-1.7982,-2.7649,1.7724,-2.9363,3.019,-2.7072,-2.6996,-1.9716,-1.4177,-2.2022,-2.6832,-2.2777,-3.0393,-1.9743,-2.5607,-2.5041,-1.624,-2.8806,-2.5554,-1.8635,-0.7205,-2.397,-2.5667,-2.6173,3.0557,-2.1034,-0.19628,-2.4084,-3.0761,-1.9339,-2.9418,-1.9272,-2.0439,-2.6738,-2.1626,-1.8798,-2.064,-1.2488,-0.64766,-2.8417,-1.278,-1.3499,-0.75192,-2.9504,-1.9916,-2.5469,-1.7494,-1.1377,-0.018412,-2.5521,-2.474,-2.1066,-1.0963,-2.5645,-2.6293,-1.9124,-1.7707,-1.8197,-0.97349,-1.2622,-1.5651,-0.91076,-0.13809,-1.5978,-0.28714,-2.1786,-1.0674,-0.84013,-2.2212,-0.6651,0.41743,-1.5288,1.7741,-2.4603,-2.1507,-0.739,-0.39826,-1.4396,-0.38292,0.7759,-1.258,0.52173,0.27271,-2.8223,-1.1036,-1.3121,-0.16943,-0.57875,-0.45543,2.2626,-1.6549,0.21078,-2.6149,2.6999,-0.31286,-2.4534,-1.3909,0.33818,-0.80876,0.74655,1.2378,2.7379,-1.948,2.2678,-2.1213,-0.24955,-1.101,1.4668,0.11427,2.2852,-2.6761,-2.1683,-1.6492,-1.9908
0,-1.3593,-0.55546,0.1272,-1.2189,-0.51635,0.32245,1.1778,2.0071,2.6446,2.4892,2.6499,-2.7299,-1.459,-0.34568,0.51575,1.1237,1.0571,0.96585,1.4746,2.114,2.7566,-2.9349,-2.5196,-2.6376,-2.7549,-2.3731,-1.8428,-1.3329,-0.97389,-0.80174,-0.57349,-0.13575,0.42341,0.99797,1.4615,1.5351,1.4586,1.773,2.2984,2.9311,-2.7011,-2.1765,-2.0432,-1.8126,-1.1047,-0.27208,0.5494,1.613,2.7339,-2.662,-2.7208,-2.7964,-2.1262,-1.5602,-1.196,-0.87135,-0.45487,0.36462,1.4862,2.4927,-3.1391,-2.6473,-2.5982,-2.64,-2.2453,-1.6546,-0.95611,-0.32719,-0.28518,-0.17482,0.35541,1.0878,1.9254,2.718,-2.8474,-2.6701,2.2449,2.9129,-2.7684,-2.1654,-1.5503,-1.1727,-1.2381,-1.0289,-0.64405,-0.31783,-0.028851,0.17241,0.0012434,0.32787,1.279,-2.6227,-1.9119,-1.2589,-0.96981,-1.0031,-0.88172,-0.65709,-0.14871,0.29613,0.514,0.7516,0.67602,1.8959,-3.0571,-2.1411,-1.5176,-0.86589,-0.50309,-2.4568,-1.8605,-1.2738,-0.71096,-0.31044,-0.216,-0.57239,-0.53461,-0.14068,0.15944,0.36459,0.39191,0.1768,0.19459,-0.24956,-0.17178,0.092626,0.10096,0,-0.10096,-0.092626,0.17178,0.24956,-0.19459,-0.1768,-0.39191,-0.36459,-0.15944,0.14068,0.53461,0.57239,0.216,0.31044,0.71096,1.2738,1.8605,2.4568,0.50309,0.86589,1.5176,2.1411,3.0571,-1.8959,-0.67602,-0.7516,-0.514,-0.29613,0.14871,0.65709,0.88172,1.0031,0.96981,1.2589,1.9119,2.6227,-1.279,-0.32787,-0.0012434,-0.17241,0.028851,0.31783,0.64405,1.0289,1.2381,1.1727,1.5503,2.1654,2.7684,-2.9129,-2.2449,2.6701,2.8474,-2.718,-1.9254,-1.0878,-0.35541,0.17482,0.28518,0.32719,0.95611,1.6546,2.2453,2.64,2.5982,2.6473,3.1391,-2.4927,-1.4862,-0.36462,0.45487,0.87135,1.196,1.5602,2.1262,2.7964,2.7208,2.662,-2.7339,-1.613,-0.5494,0.27208,1.1047,1.8126,2.0432,2.1765,2.7011,-2.9311,-2.2984,-1.773,-1.4586,-1.5351,-1.4615,-0.99797,-0.42341,0.13575,0.57349,0.80174,0.97389,1.3329,1.8428,2.3731,2.7549,2.6376,2.5196,2.9349,-2.7566,-2.114,-1.4746,-0.96585,-1.0571,-1.1237,-0.51575,0.34568,1.459,2.7299,-2.6499,-2.4892,-2.6446,-2.0071,-1.1778,-0.32245,0.51635,1.2189,-0.1272,0.55546,1.3593
0,2.2786,-0.36348,1.824,1.1906,2.5332,-1.7291,2.7897,0.12733,-1.6536,2.709,-1.8315,0.12963,-1.2889,2.0509,2.3998,-1.8034,0.19594,2.7488,1.3409,2.8013,3.1305,-1.1989,0.58668,-0.87346,0.44457,1.0232,2.3553,-2.2823,-1.1527,-0.86208,-0.76644,1.4977,-2.7943,-1.0718,-1.2702,-1.5411,-0.74271,0.72973,2.4518,-2.435,-1.9805,-2.002,0.45804,2.6813,-1.7895,-2.1378,-2.0683,-1.0765,0.78712,-1.8776,-1.1338,-1.4347,-0.78011,0.98519,-3.0209,-1.6596,-2.2712,-1.8825,-0.65212,0.93512,-1.055,-1.3911,-1.5064,-0.91943,0.48849,-2.9773,-1.0736,-1.6402,-1.2769,-0.11759,2.2805,-0.98869,-2.3206,-1.5721,-0.72929,1.007,3.0696,-0.25139,-3.0232,-2.1866,-1.3662,0.094219,1.2179,0.19274,1.6524,-2.4134,-0.78045,0.49999,-0.31583,0.32778,1.8225,-1.6898,-0.2415,-0.0060892,-0.12861,0.20045,-2.0681,-0.85214,0.064624,-0.11561,0.17333,-1.6011,-0.88423,0.28355,-0.45551,0.61706,1.37,3.1107,-1.4809,0.16181,-1.8117,-0.22253,-0.12007,1.1865,-1.2786,-0.2099,-0.44482,0.01488,0.77,2.6464,-0.42563,0.21846,-0.47648,-0.24842,0.28183,0.23886,0.27475,0,-0.27475,-0.23886,-0.28183,0.24842,0.47648,-0.21846,0.42563,-2.6464,-0.77,-0.01488,0.44482,0.2099,1.2786,-1.1865,0.12007,0.22253,1.8117,-0.16181,1.4809,-3.1107,-1.37,-0.61706,0.45551,-0.28355,0.88423,1.6011,-0.17333,0.11561,-0.064624,0.85214,2.0681,-0.20045,0.12861,0.0060892,0.2415,1.6898,-1.8225,-0.32778,0.31583,-0.49999,0.78045,2.4134,-1.6524,-0.19274,-1.2179,-0.094219,1.3662,2.1866,3.0232,0.25139,-3.0696,-1.007,0.72929,1.5721,2.3206,0.98869,-2.2805,0.11759,1.2769,1.6402,1.0736,2.9773,-0.48849,0.91943,1.5064,1.3911,1.055,-0.93512,0.65212,1.8825,2.2712,1.6596,3.0209,-0.98519,0.78011,1.4347,1.1338,1.8776,-0.78712,1.0765,2.0683,2.1378,1.7895,-2.6813,-0.45804,2.002,1.9805,2.435,-2.4518,-0.72973,0.74271,1.5411,1.2702,1.0718,2.7943,-1.4977,0.76644,0.86208,1.1527,2.2823,-2.3553,-1.0232,-0.44457,0.87346,-0.58668,1.1989,-3.1305,-2.8013,-1.3409,-2.7488,-0.19594,1.8034,-2.3998,-2.0509,1.2889,-0.12963,1.8315,-2.709,1.6536,-0.12733,-2.7897,1.7291,-2.5332,-1.1906,-1.824,0.36348,-2.2786
3.1416,-2.9412,-2.6068,-2.4186,-2.37,-0.74246,1.4535,1.6898,1.6009,1.4708,2.0923,-2.092,-2.4546,-2.8378,-2.9987,-1.6411,0.9835,1.6746,1.9816,1.7734,1.3534,2.9334,-0.73388,-1.9615,-2.9676,2.2819,-2.7052,-0.75023,-0.66876,-0.67684,-1.7593,-1.2572,0.29212,0.081514,-0.76461,-0.91251,-0.093625,1.537,2.9581,-3.1077,2.4676,0.80381,2.4248,-3.1118,-0.38583,-2.5474,-2.8807,-1.0076,0.97144,1.4794,1.237,0.87792,1.9383,-2.7826,-2.6618,1.6086,1.3741,3.1187,-1.3942,-0.60321,-0.31321,-0.73645,-0.41928,1.1918,-1.2071,-2.5404,0.39538,1.1554,-2.93,-0.92141,-0.64187,-1.3628,-1.4542,-0.35775,1.2997,0.98937,-0.87841,-0.35681,1.2224,3.0577,-0.76025,-1.6938,1.8548,2.0241,-2.5002,-1.0101,-0.78868,-2.1693,-2.3354,-0.77048,0.6685,0.27623,-1.0107,-0.70855,0.91337,2.817,-2.2501,-0.84293,-0.75603,-2.4643,-0.75379,-0.54634,-0.73165,-0.91251,-0.46736,1.1116,2.7793,2.7803,0.027293,-0.23095,1.75,-3.1092,2.7743,0.063094,2.6577,-2.5494,-0.65366,-0.99821,1.8789,3.0087,-1.7061,-0.08559,0.62919,1.0417,-0.65161,-0.11177,1.279,0.41224,3.1416,-0.41224,-1.279,0.11177,0.65161,-1.0417,-0.62919,0.08559,1.7061,-3.0087,-1.8789,0.99821,0.65366,2.5494,-2.6577,-0.063094,-2.7743,3.1092,-1.75,0.23095,-0.027293,-2.7803,-2.7793,-1.1116,0.46736,0.91251,0.73165,0.54634,0.75379,2.4643,0.75603,0.84293,2.2501,-2.817,-0.91337,0.70855,1.0107,-0.27623,-0.6685,0.77048,2.3354,2.1693,0.78868,1.0101,2.5002,-2.0241,-1.8548,1.6938,0.76025,-3.0577,-1.2224,0.35681,0.87841,-0.98937,-1.2997,0.35775,1.4542,1.3628,0.64187,0.92141,2.93,-1.1554,-0.39538,2.5404,1.2071,-1.1918,0.41928,0.73645,0.31321,0.60321,1.3942,-3.1187,-1.3741,-1.6086,2.6618,2.7826,-1.9383,-0.87792,-1.237,-1.4794,-0.97144,1.0076,2.8807,2.5474,0.38583,3.1118,-2.4248,-0.80381,-2.4676,3.1077,-2.9581,-1.537,0.093625,0.91251,0.76461,-0.081514,-0.29212,1.2572,1.7593,0.67684,0.66876,0.75023,2.7052,-2.2819,2.9676,1.9615,0.73388,-2.9334,-1.3534,-1.7734,-1.9816,-1.6746,-0.9835,1.6411,2.9987,2.8378,2.4546,2.092,-2.0923,-1.4708,-1.6009,-1.6898,-1.4535,0.74246,2.37,2.4186,2.6068,2.9412
0,0.17065,0.32227,0.40641,0.36953,1.9756,-1.9922,-1.2993,-0.67541,-0.28969,1.2881,-2.5296,-1.598,-1.2278,-0.83909,0.31341,3.0675,-1.5405,-1.1435,-1.0176,-0.39699,1.9656,-2.295,-2.7543,-2.4963,-2.5973,-0.92208,1.4025,1.1101,1.585,1.3643,2.6908,-1.3435,-0.81442,0.088738,-0.1457,0.65585,2.8296,-2.3177,-2.3894,-2.817,-2.2783,-0.4253,2.029,-3.065,-3.0128,-2.6299,-0.66722,1.8232,2.1713,2.4207,2.6947,-1.9568,-0.28422,0.20399,1.651,0.93597,2.287,-1.6829,-1.3838,-0.76472,-0.975,1.0249,-2.5431,-1.843,-1.0568,-1.515,-0.35417,2.0541,-2.4385,-1.6387,-2.266,-1.3082,1.0736,-2.7125,-2.7653,2.9307,-2.6172,-0.80638,1.8102,1.4793,2.2609,1.4499,2.6784,-1.3629,-1.3337,0.36827,-0.71664,0.69173,-3.1225,-2.3817,-1.2514,-1.8821,-1.0021,1.3194,-2.4087,-2.6379,-2.274,-1.4864,0.44118,2.7378,-2.7296,-2.6345,-2.5488,-1.0807,1.0076,1.0111,2.1107,0.97708,2.0844,-2.0971,-1.6193,-0.90428,-1.2456,0.33345,2.9375,-2.5732,-1.4801,-2.6479,-1.8844,-0.11879,2.0434,1.4864,1.6425,2.2737,-2.6791,-1.4353,-0.30507,0,0.30507,1.4353,2.6791,-2.2737,-1.6425,-1.4864,-2.0434,0.11879,1.8844,2.6479,1.4801,2.5732,-2.9375,-0.33345,1.2456,0.90428,1.6193,2.0971,-2.0844,-0.97708,-2.1107,-1.0111,-1.0076,1.0807,2.5488,2.6345,2.7296,-2.7378,-0.44118,1.4864,2.274,2.6379,2.4087,-1.3194,1.0021,1.8821,1.2514,2.3817,3.1225,-0.69173,0.71664,-0.36827,1.3337,1.3629,-2.6784,-1.4499,-2.2609,-1.4793,-1.8102,0.80638,2.6172,-2.9307,2.7653,2.7125,-1.0736,1.3082,2.266,1.6387,2.4385,-2.0541,0.35417,1.515,1.0568,1.843,2.5431,-1.0249,0.975,0.76472,1.3838,1.6829,-2.287,-0.93597,-1.651,-0.20399,0.28422,1.9568,-2.6947,-2.4207,-2.1713,-1.8232,0.66722,2.6299,3.0128,3.065,-2.029,0.4253,2.2783,2.817,2.3894,2.3177,-2.8296,-0.65585,0.1457,-0.088738,0.81442,1.3435,-2.6908,-1.3643,-1.585,-1.1101,-1.4025,0.92208,2.5973,2.4963,2.7543,2.295,-1.9656,0.39699,1.0176,1.1435,1.5405,-3.0675,-0.31341,0.83909,1.2278,1.598,2.5296,-1.2881,0.28969,0.67541,1.2993,1.9922,-1.9756,-0.36953,-0.40641,-0.32227,-0.17065
0,-2.3081,-2.0968,-2.4011,-2.9605,-1.4222,0.53957,0.42941,0.28452,-0.012782,0.57654,2.6863,2.7929,1.8679,1.3502,2.6974,-1.3217,-0.57594,-0.92376,-1.3134,-1.5218,0.40582,1.9663,-0.24749,-0.51132,-1.1218,0.57566,2.5939,1.9555,0.88679,-0.26996,0.77273,2.7395,1.4471,1.4855,1.1296,1.5001,-2.6929,-2.2398,-2.6131,-2.519,1.9218,-2.8621,-2.1962,-2.4909,-2.6118,-2.4327,-0.89406,2.4995,-2.6686,-2.5376,-1.9413,0.30601,2.2315,2.3427,2.5894,0.94144,1.6948,-2.7836,-3.1298,2.9788,2.9263,3.0282,-1.9617,-2.8886,-2.9469,-2.9523,-2.3167,0.27693,2.2242,2.7318,2.7829,0.27496,2.0413,2.9554,2.7308,2.426,1.8394,2.915,-2.6804,-2.9832,2.8336,2.088,2.9871,-1.3896,-2.0246,-2.6463,-3.093,-2.4839,-0.28547,-2.708,3.1306,-2.9856,-1.8526,1.2554,2.7059,2.8567,2.7362,2.3331,3.0618,-2.997,2.9639,2.7818,2.5975,-2.3732,-0.48345,-0.18834,2.811,2.6662,-2.5882,-0.50679,-0.52564,-1.6689,-1.9698,-1.4594,0.90793,-2.7085,-2.3743,-1.9404,-1.3043,0.83235,2.1312,2.41,-2.5469,0.065307,1.7806,-2.7415,-2.5961,3.1416,2.5961,2.7415,-1.7806,-0.065307,2.5469,-2.41,-2.1312,-0.83235,1.3043,1.9404,2.3743,2.7085,-0.90793,1.4594,1.9698,1.6689,0.52564,0.50679,2.5882,-2.6662,-2.811,0.18834,0.48345,2.3732,-2.5975,-2.7818,-2.9639,2.997,-3.0618,-2.3331,-2.7362,-2.8567,-2.7059,-1.2554,1.8526,2.9856,-3.1306,2.708,0.28547,2.4839,3.093,2.6463,2.0246,1.3896,-2.9871,-2.088,-2.8336,2.9832,2.6804,-2.915,-1.8394,-2.426,-2.7308,-2.9554,-2.0413,-0.27496,-2.7829,-2.7318,-2.2242,-0.27693,2.3167,2.9523,2.9469,2.8886,1.9617,-3.0282,-2.9263,-2.9788,3.1298,2.7836,-1.6948,-0.94144,-2.5894,-2.3427,-2.2315,-0.30601,1.9413,2.5376,2.6686,-2.4995,0.89406,2.4327,2.6118,2.4909,2.1962,2.8621,-1.9218,2.519,2.6131,2.2398,2.6929,-1.5001,-1.1296,-1.4855,-1.4471,-2.7395,-0.77273,0.26996,-0.88679,-1.9555,-2.5939,-0.57566,1.1218,0.51132,0.24749,-1.9663,-0.40582,1.5218,1.3134,0.92376,0.57594,1.3217,-2.6974,-1.3502,-1.8679,-2.7929,-2.6863,-0.57654,0.012782,-0.28452,-0.42941,-0.53957,1.4222,2.9605,2.4011,2.0968,2.3081
0,0.071664,0.029942,-0.059861,-0.23531,1.2369,-2.8602,-2.4252,-1.9818,-1.5533,-0.19379,2.1017,2.6906,2.9346,3.1277,-1.8817,0.7379,2.0199,2.3011,2.4542,2.9687,-1.0044,0.60328,0.85561,0.25127,0.037637,1.9015,-2.414,-2.7677,-3.0384,-2.9868,-1.6101,0.49922,1.3327,1.2511,1.3501,2.1287,-1.9791,-1.3216,-1.5547,-1.5152,-1.4579,0.30337,1.2824,-0.578,-2.4246,-2.5178,-0.79125,0.38929,0.10832,0.31833,0.53188,2.5976,-1.5854,-1.1911,-1.1501,-1.0761,0.24337,2.6941,-2.1413,-2.5126,-2.3489,-1.6682,0.091141,0.13593,0.14451,0.91054,2.4394,-1.522,-0.59467,-0.80958,-0.37069,0.3043,2.8387,-1.5418,-1.5683,-1.4549,-1.3899,0.044262,1.5068,1.6342,1.1251,2.166,-2.9933,-0.85933,-0.8343,-0.86424,-0.49471,0.2833,2.6927,-1.5575,-1.2523,-1.8392,-1.5926,0.079968,0.12263,-0.12814,0.07938,-2.0508,-0.66468,0.34274,0.075555,0.2614,0.78657,2.5952,-1.7831,-1.6145,-2.6583,-2.2808,-1.2342,0.72654,0.52783,0.050154,0.86148,-2.9408,-0.7851,-0.31857,-0.88936,-0.42243,-0.44633,1.2873,2.1057,1.0091,1.6117,2.4044,-1.2164,-0.91261,-0.19199,0,0.19199,0.91261,1.2164,-2.4044,-1.6117,-1.0091,-2.1057,-1.2873,0.44633,0.42243,0.88936,0.31857,0.7851,2.9408,-0.86148,-0.050154,-0.52783,-0.72654,1.2342,2.2808,2.6583,1.6145,1.7831,-2.5952,-0.78657,-0.2614,-0.075555,-0.34274,0.66468,2.0508,-0.07938,0.12814,-0.12263,-0.079968,1.5926,1.8392,1.2523,1.5575,-2.6927,-0.2833,0.49471,0.86424,0.8343,0.85933,2.9933,-2.166,-1.1251,-1.6342,-1.5068,-0.044262,1.3899,1.4549,1.5683,1.5418,-2.8387,-0.3043,0.37069,0.80958,0.59467,1.522,-2.4394,-0.91054,-0.14451,-0.13593,-0.091141,1.6682,2.3489,2.5126,2.1413,-2.6941,-0.24337,1.0761,1.1501,1.1911,1.5854,-2.5976,-0.53188,-0.31833,-0.10832,-0.38929,0.79125,2.5178,2.4246,0.578,-1.2824,-0.30337,1.4579,1.5152,1.5547,1.3216,1.9791,-2.1287,-1.3501,-1.2511,-1.3327,-0.49922,1.6101,2.9868,3.0384,2.7677,2.414,-1.9015,-0.037637,-0.25127,-0.85561,-0.60328,1.0044,-2.9687,-2.4542,-2.3011,-2.0199,-0.7379,1.8817,-3.1277,-2.9346,-2.6906,-2.1017,0.19379,1.5533,1.9818,2.4252,2.8602,-1.2369,0.23531,0.059861,-0.029942,-0.071664
3.1416,2.8378,2.6067,2.6315,2.3476,-2.3393,-0.38745,-0.66742,-1.1202,-1.8832,-1.1493,0.59368,-0.10462,-0.39829,-0.64671,-0.21914,1.4294,-0.19022,-0.36779,-0.34196,0.62752,-2.7556,-0.65984,-0.59362,-0.59218,0.27104,2.5745,-0.65955,-1.1425,-0.94071,-0.27355,1.5883,-1.5925,0.85979,0.21594,0.37314,2.0319,-1.7759,-2.6227,-1.3269,-0.57673,0.89231,2.6377,2.2708,1.8085,0.87028,1.7743,-3.0536,2.229,1.5721,1.1035,1.8431,-2.9187,2.3917,2.1613,1.8779,2.2611,-2.7526,2.4536,2.3221,2.221,2.5337,-2.845,2.567,2.4985,2.5305,2.9187,-2.4402,2.67,2.7248,2.8301,-2.9681,-2.0711,2.8619,2.8472,3.1409,-2.4992,0.048511,2.7479,3.0038,-2.9651,-2.2788,-0.69713,1.984,2.3458,2.9759,-2.7107,-1.4019,2.0444,3.0387,-3.0197,-2.5673,-1.5415,2.5912,-2.724,-2.6745,-2.337,2.9746,-2.9147,-2.5375,-1.9448,-0.88702,1.3235,-3.0905,-1.8856,-2.1072,-1.4029,0.12522,2.043,-1.7397,-3.1405,-2.4857,-1.1575,2.3799,-2.5691,-2.2323,-1.4388,0.21301,1.9721,-2.5111,2.8739,-2.3513,-1.1685,1.7922,-2.814,2.664,-2.3503,-2.0759,0,2.0759,2.3503,-2.664,2.814,-1.7922,1.1685,2.3513,-2.8739,2.5111,-1.9721,-0.21301,1.4388,2.2323,2.5691,-2.3799,1.1575,2.4857,3.1405,1.7397,-2.043,-0.12522,1.4029,2.1072,1.8856,3.0905,-1.3235,0.88702,1.9448,2.5375,2.9147,-2.9746,2.337,2.6745,2.724,-2.5912,1.5415,2.5673,3.0197,-3.0387,-2.0444,1.4019,2.7107,-2.9759,-2.3458,-1.984,0.69713,2.2788,2.9651,-3.0038,-2.7479,-0.048511,2.4992,-3.1409,-2.8472,-2.8619,2.0711,2.9681,-2.8301,-2.7248,-2.67,2.4402,-2.9187,-2.5305,-2.4985,-2.567,2.845,-2.5337,-2.221,-2.3221,-2.4536,2.7526,-2.2611,-1.8779,-2.1613,-2.3917,2.9187,-1.8431,-1.1035,-1.5721,-2.229,3.0536,-1.7743,-0.87028,-1.8085,-2.2708,-2.6377,-0.89231,0.57673,1.3269,2.6227,1.7759,-2.0319,-0.37314,-0.21594,-0.85979,1.5925,-1.5883,0.27355,0.94071,1.1425,0.65955,-2.5745,-0.27104,0.59218,0.59362,0.65984,2.7556,-0.62752,0.34196,0.36779,0.19022,-1.4294,0.21914,0.64671,0.39829,0.10462,-0.59368,1.1493,1.8832,1.1202,0.66742,0.38745,2.3393,-2.3476,-2.6315,-2.6067,-2.8378
3.1416,-2.6568,-2.2904,-2.0641,-1.9113,0.034852,2.0266,2.0187,1.989,1.8181,-2.9108,-0.97911,-1.4473,-1.7064,-1.603,0.43791,2.8287,3.0354,2.9156,2.408,-2.4404,-0.88776,-1.2496,-1.8398,-2.0047,-0.60345,1.3177,1.2757,0.23363,-0.40876,1.0042,2.8715,2.9462,2.861,2.709,-2.3185,0.14648,0.41618,-2.7815,-2.7028,-1.1292,1.086,0.43581,0.74454,0.61878,1.5743,-2.5757,1.9167,2.4914,2.7052,-2.0662,0.33502,-0.19259,0.19533,-0.30916,0.54775,2.3217,1.8735,1.7259,1.8479,3.0395,-0.63236,2.6016,2.2149,-0.98857,0.11021,1.9932,1.6327,1.5509,1.669,2.6591,-1.2536,2.1278,2.471,-2.1417,-0.37484,1.6743,1.0143,0.53791,0.98553,1.7291,-2.5922,2.1115,0.91693,2.4066,-2.9401,-0.92689,3.0153,-2.9046,-1.8151,-0.49119,1.5835,2.6598,1.9447,1.8034,2.5043,-1.9018,2.6747,-2.904,-1.6067,-0.28317,1.7442,-0.34338,0.057112,0.47239,1.3771,-3.0927,0.54441,2.2253,2.4152,2.6554,-2.1688,-2.7111,-2.2365,-1.725,-0.41105,1.6807,-2.2693,-3.1219,1.5735,1.6783,2.9034,-2.5189,2.985,2.7619,-3.0903,-1.8095,2.26,3.1416,-2.26,1.8095,3.0903,-2.7619,-2.985,2.5189,-2.9034,-1.6783,-1.5735,3.1219,2.2693,-1.6807,0.41105,1.725,2.2365,2.7111,2.1688,-2.6554,-2.4152,-2.2253,-0.54441,3.0927,-1.3771,-0.47239,-0.057112,0.34338,-1.7442,0.28317,1.6067,2.904,-2.6747,1.9018,-2.5043,-1.8034,-1.9447,-2.6598,-1.5835,0.49119,1.8151,2.9046,-3.0153,0.92689,2.9401,-2.4066,-0.91693,-2.1115,2.5922,-1.7291,-0.98553,-0.53791,-1.0143,-1.6743,0.37484,2.1417,-2.471,-2.1278,1.2536,-2.6591,-1.669,-1.5509,-1.6327,-1.9932,-0.11021,0.98857,-2.2149,-2.6016,0.63236,-3.0395,-1.8479,-1.7259,-1.8735,-2.3217,-0.54775,0.30916,-0.19533,0.19259,-0.33502,2.0662,-2.7052,-2.4914,-1.9167,2.5757,-1.5743,-0.61878,-0.74454,-0.43581,-1.086,1.1292,2.7028,2.7815,-0.41618,-0.14648,2.3185,-2.709,-2.861,-2.9462,-2.8715,-1.0042,0.40876,-0.23363,-1.2757,-1.3177,0.60345,2.0047,1.8398,1.2496,0.88776,2.4404,-2.408,-2.9156,-3.0354,-2.8287,-0.43791,1.603,1.7064,1.4473,0.97911,2.9108,-1.8181,-1.989,-2.0187,-2.0266,-0.034852,1.9113,2.0641,2.2904,2.6568
0,0.13597,0.11728,0.15517,0.22326,2.1324,-1.9889,-1.4966,-0.89895,-0.52236,1.4602,-2.7927,-2.5153,-2.0667,-1.5534,0.58656,2.8704,-2.689,-2.3584,-2.1223,-0.088172,1.7094,1.4841,1.5422,1.9779,-2.2215,-0.26942,-0.61591,-0.57669,-0.46932,1.3841,-2.8946,3.0864,-2.5175,-1.6711,0.67141,-2.8306,1.7639,1.5162,1.5278,-2.8896,-1.8683,-1.8797,-1.6258,-0.245,2.3069,-2.2909,-2.3434,-2.5346,-1.5798,0.84558,3.0092,2.6421,2.8807,-3.0744,-1.0992,1.1763,1.4433,2.3123,2.0479,-2.2977,-0.12171,-0.56757,1.484,0.72002,2.802,-2.5055,-2.0316,-2.3976,-0.78351,1.9116,-2.5894,-2.942,-3.0744,-2.0387,0.57528,2.6344,2.5033,2.5697,2.9883,-1.2963,1.4407,0.23878,-0.52261,0.2626,2.3633,-2.6167,-2.4523,-2.4223,-1.5215,0.72767,2.5905,2.6181,2.7223,-2.9883,-0.80022,2.4588,2.4048,2.3009,2.9814,-1.1917,-2.3864,0.030338,0.071406,0.79713,2.8184,-1.2036,-2.7384,-2.3792,-2.2929,-0.302,2.4414,2.1347,3.0128,-2.7194,-0.6682,-2.841,0.78854,-0.82322,0.50115,2.6825,2.0543,-2.3973,-2.6998,-1.5513,0.67674,2.5027,-2.952,3.1416,2.952,-2.5027,-0.67674,1.5513,2.6998,2.3973,-2.0543,-2.6825,-0.50115,0.82322,-0.78854,2.841,0.6682,2.7194,-3.0128,-2.1347,-2.4414,0.302,2.2929,2.3792,2.7384,1.2036,-2.8184,-0.79713,-0.071406,-0.030338,2.3864,1.1917,-2.9814,-2.3009,-2.4048,-2.4588,0.80022,2.9883,-2.7223,-2.6181,-2.5905,-0.72767,1.5215,2.4223,2.4523,2.6167,-2.3633,-0.2626,0.52261,-0.23878,-1.4407,1.2963,-2.9883,-2.5697,-2.5033,-2.6344,-0.57528,2.0387,3.0744,2.942,2.5894,-1.9116,0.78351,2.3976,2.0316,2.5055,-2.802,-0.72002,-1.484,0.56757,0.12171,2.2977,-2.0479,-2.3123,-1.4433,-1.1763,1.0992,3.0744,-2.8807,-2.6421,-3.0092,-0.84558,1.5798,2.5346,2.3434,2.2909,-2.3069,0.245,1.6258,1.8797,1.8683,2.8896,-1.5278,-1.5162,-1.7639,2.8306,-0.67141,1.6711,2.5175,-3.0864,2.8946,-1.3841,0.46932,0.57669,0.61591,0.26942,2.2215,-1.9779,-1.5422,-1.4841,-1.7094,0.088172,2.1223,2.3584,2.689,-2.8704,-0.58656,1.5534,2.0667,2.5153,2.7927,-1.4602,0.52236,0.89895,1.4966,1.9889,-2.1324,-0.22326,-0.15517,-0.11728,-0.13597
0,2.2619,2.2639,2.3534,2.338,-1.9496,-0.23364,-0.54862,-0.92425,-1.9603,-0.53935,0.7018,0.12828,-0.070413,-0.47927,0.39664,0.34939,0.0071202,0.0067624,-0.037699,1.6939,-0.95664,-0.083713,-0.1222,-0.092792,1.9048,-2.3029,-1.0627,-0.45701,-0.48453,1.5519,-2.9296,2.9205,1.7955,0.94719,2.8884,-1.5139,-2.2156,-1.1467,-0.74057,1.3709,2.9084,2.4342,2.34,0.94042,2.2732,3.1216,2.3985,2.1079,1.3255,2.8425,-2.774,2.7992,2.5706,1.9551,-3.037,-2.648,-2.9295,2.9964,2.5359,-2.4926,-2.7565,-3.1247,-3.1169,3.1105,-1.7533,-3.0409,-2.8493,-2.7142,-2.6058,-0.79862,-3.1146,-2.6141,-2.5534,-1.8796,0.67804,-3.0392,-2.7235,-2.0869,-1.3168,1.1426,2.6718,-3.1387,-2.5206,-1.7891,0.62056,2.0937,1.9449,1.7721,-1.2606,1.2431,2.2534,2.1705,1.8371,0.99251,1.8522,2.1696,1.9763,1.7481,1.3904,2.9967,-2.9384,1.9604,1.7012,1.109,3.0923,-2.3749,-3.0362,-3.0587,0.38104,2.3488,2.9052,2.9083,2.6422,2.1369,-2.6581,-2.6506,3.0626,2.6188,1.4342,2.9325,-3.0474,-3.1248,2.9229,1.9399,-3.129,-2.8494,-2.6619,3.1416,2.6619,2.8494,3.129,-1.9399,-2.9229,3.1248,3.0474,-2.9325,-1.4342,-2.6188,-3.0626,2.6506,2.6581,-2.1369,-2.6422,-2.9083,-2.9052,-2.3488,-0.38104,3.0587,3.0362,2.3749,-3.0923,-1.109,-1.7012,-1.9604,2.9384,-2.9967,-1.3904,-1.7481,-1.9763,-2.1696,-1.8522,-0.99251,-1.8371,-2.1705,-2.2534,-1.2431,1.2606,-1.7721,-1.9449,-2.0937,-0.62056,1.7891,2.5206,3.1387,-2.6718,-1.1426,1.3168,2.0869,2.7235,3.0392,-0.67804,1.8796,2.5534,2.6141,3.1146,0.79862,2.6058,2.7142,2.8493,3.0409,1.7533,-3.1105,3.1169,3.1247,2.7565,2.4926,-2.5359,-2.9964,2.9295,2.648,3.037,-1.9551,-2.5706,-2.7992,2.774,-2.8425,-1.3255,-2.1079,-2.3985,-3.1216,-2.2732,-0.94042,-2.34,-2.4342,-2.9084,-1.3709,0.74057,1.1467,2.2156,1.5139,-2.8884,-0.94719,-1.7955,-2.9205,2.9296,-1.5519,0.48453,0.45701,1.0627,2.3029,-1.9048,0.092792,0.1222,0.083713,0.95664,-1.6939,0.037699,-0.0067624,-0.0071202,-0.34939,-0.39664,0.47927,0.070413,-0.12828,-0.7018,0.53935,1.9603,0.92425,0.54862,0.23364,1.9496,-2.338,-2.3534,-2.2639,-2.2619
0,-1.5897,-1.6613,-1.6279,-1.7805,0.15057,1.9325,1.838,1.8686,1.6472,-2.7005,-0.73476,-0.69248,-0.68253,-1.0115,0.69653,2.4732,2.5404,2.5421,1.9545,-2.1739,-0.63464,-0.70122,-0.97553,-1.7981,0.10066,1.7883,1.6912,0.85818,0.0042173,1.913,-2.6068,-2.3776,-2.476,-2.8675,-1.2051,0.31836,2.6623,-1.2932,-2.5682,-0.40562,1.3194,1.5594,1.6503,1.1737,2.3905,-2.5188,2.7985,-2.6181,2.7937,-0.9278,0.9209,1.613,1.4248,0.73544,1.7528,3.1279,2.8885,2.8403,2.291,-1.9577,0.40475,1.649,1.5023,2.9139,1.4737,2.7336,2.769,2.8113,2.2097,-2.3091,-0.03973,1.7735,1.5566,2.8489,1.4383,2.665,3.0676,2.831,1.9971,-2.4768,-0.85555,0.16479,-2.1004,2.8556,-0.71094,1.0867,1.7231,1.8307,0.61099,1.9056,-3.097,-3.0128,3.0555,2.4588,-1.8825,1.4494,2.1875,2.1937,0.15685,2.1187,-2.8623,-2.8296,-2.8963,1.8079,-2.4386,-0.99889,-0.02974,-0.91822,2.1659,-1.1024,0.83722,1.3522,1.8366,0.80602,2.6255,-2.3483,-1.7456,-2.5606,1.0385,-2.4073,-0.76991,-1.1112,-0.99085,-2.6394,-0.13658,1.6556,2.2501,3.1416,-2.2501,-1.6556,0.13658,2.6394,0.99085,1.1112,0.76991,2.4073,-1.0385,2.5606,1.7456,2.3483,-2.6255,-0.80602,-1.8366,-1.3522,-0.83722,1.1024,-2.1659,0.91822,0.02974,0.99889,2.4386,-1.8079,2.8963,2.8296,2.8623,-2.1187,-0.15685,-2.1937,-2.1875,-1.4494,1.8825,-2.4588,-3.0555,3.0128,3.097,-1.9056,-0.61099,-1.8307,-1.7231,-1.0867,0.71094,-2.8556,2.1004,-0.16479,0.85555,2.4768,-1.9971,-2.831,-3.0676,-2.665,-1.4383,-2.8489,-1.5566,-1.7735,0.03973,2.3091,-2.2097,-2.8113,-2.769,-2.7336,-1.4737,-2.9139,-1.5023,-1.649,-0.40475,1.9577,-2.291,-2.8403,-2.8885,-3.1279,-1.7528,-0.73544,-1.4248,-1.613,-0.9209,0.9278,-2.7937,2.6181,-2.7985,2.5188,-2.3905,-1.1737,-1.6503,-1.5594,-1.3194,0.40562,2.5682,1.2932,-2.6623,-0.31836,1.2051,2.8675,2.476,2.3776,2.6068,-1.913,-0.0042173,-0.85818,-1.6912,-1.7883,-0.10066,1.7981,0.97553,0.70122,0.63464,2.1739,-1.9545,-2.5421,-2.5404,-2.4732,-0.69653,1.0115,0.68253,0.69248,0.73476,2.7005,-1.6472,-1.8686,-1.838,-1.9325,-0.15057,1.7805,1.6279,1.6613,1.5897
0,0.20262,0.35616,0.42918,0.42766,2.3209,-1.9122,-1.583,-0.94953,-0.37887,1.7863,-2.4352,-2.2774,-1.9507,-1.3163,1.3285,-2.7152,-2.2071,-1.88,-1.6085,0.50437,2.8291,-2.9651,-2.8923,-2.9984,-1.1549,1.3057,1.8334,1.767,1.8302,2.8658,-1.169,-0.54763,-0.6712,0.5954,2.3172,-1.848,-1.3659,-1.9806,-1.5422,-1.2436,0.86884,1.8425,1.4981,2.9748,-2.1956,0.1123,1.0305,0.90195,2.1717,2.9475,-1.0519,0.11541,-0.076447,0.17771,1.049,-2.3899,-0.86948,-1.0327,-0.60023,0.048373,2.3763,-1.8051,-1.4773,-0.91362,-0.75388,1.2727,-2.4013,-1.7416,-1.8738,-1.5735,0.22912,1.0324,0.96141,1.7734,-2.7492,-0.52643,0.245,0.37012,0.51125,1.669,-2.002,-0.48613,-0.91092,-0.11187,-0.13774,2.0421,-2.3146,-2.3992,-1.5752,-1.9199,0.30111,1.8441,0.84033,-1.7122,-1.8366,-0.066009,1.2415,1.1557,-2.9472,-3.0645,-0.89653,0.59582,0.29095,0.81411,0.5809,2.8455,-1.6168,-1.5474,-1.5573,-1.7128,0.013491,1.7017,-0.40936,-1.023,-2.7976,-0.34672,1.3077,0.67515,1.1475,1.0331,-2.7907,-0.83121,0.086173,-0.65015,-0.43331,1.2192,-2.9195,0,2.9195,-1.2192,0.43331,0.65015,-0.086173,0.83121,2.7907,-1.0331,-1.1475,-0.67515,-1.3077,0.34672,2.7976,1.023,0.40936,-1.7017,-0.013491,1.7128,1.5573,1.5474,1.6168,-2.8455,-0.5809,-0.81411,-0.29095,-0.59582,0.89653,3.0645,2.9472,-1.1557,-1.2415,0.066009,1.8366,1.7122,-0.84033,-1.8441,-0.30111,1.9199,1.5752,2.3992,2.3146,-2.0421,0.13774,0.11187,0.91092,0.48613,2.002,-1.669,-0.51125,-0.37012,-0.245,0.52643,2.7492,-1.7734,-0.96141,-1.0324,-0.22912,1.5735,1.8738,1.7416,2.4013,-1.2727,0.75388,0.91362,1.4773,1.8051,-2.3763,-0.048373,0.60023,1.0327,0.86948,2.3899,-1.049,-0.17771,0.076447,-0.11541,1.0519,-2.9475,-2.1717,-0.90195,-1.0305,-0.1123,2.1956,-2.9748,-1.4981,-1.8425,-0.86884,1.2436,1.5422,1.9806,1.3659,1.848,-2.3172,-0.5954,0.6712,0.54763,1.169,-2.8658,-1.8302,-1.767,-1.8334,-1.3057,1.1549,2.9984,2.8923,2.9651,-2.8291,-0.50437,1.6085,1.88,2.2071,2.7152,-1.3285,1.3163,1.9507,2.2774,2.4352,-1.7863,0.37887,0.94953,1.583,1.9122,-2.3209,-0.42766,-0.42918,-0.35616,-0.20262
3.1416,3.1163,3.0941,3.0811,2.8781,-1.7557,0.26949,-0.20768,-1.9775,-2.0925,3.2979e-05,2.1376,2.3107,2.4077,2.006,2.0546,-3.0509,2.9491,2.7438,2.3415,-3.0278,-1.6741,-3.0042,3.0722,2.7376,-2.329,-0.41277,-1.2117,2.8533,2.7228,-2.2049,-0.25742,-0.31312,-0.63459,-1.815,-0.76315,1.3281,0.70416,2.3433,2.7863,-1.8201,0.27502,0.13704,0.27839,0.01747,-0.28123,1.0619,0.63133,0.44959,0.1779,0.67278,2.7933,1.1804,0.71715,0.50293,1.3385,-2.9059,1.9178,1.092,1.2287,2.2839,-1.6044,-1.2575,-0.26219,-0.72904,-2.2604,-0.27442,-0.14881,-0.13007,-0.4203,-1.1325,0.67501,0.44446,0.70818,0.15706,0.090936,1.8305,0.88292,1.0322,1.0051,0.59625,2.98,1.4798,-2.0993,1.0433,1.3107,-2.8293,-1.3394,-1.6622,-0.0083851,1.968,-2.3322,-1.4809,-1.3659,-1.5368,-2.0227,-0.91007,-0.99192,-0.89024,-1.3085,-1.2681,0.57384,-1.2121,0.91151,-1.623,-1.1946,0.59317,2.192,1.7487,-2.6159,-1.404,0.17685,1.381,1.1971,0.25507,0.39861,1.8485,-2.8154,2.7278,-2.265,-0.36643,1.5278,2.7474,2.7565,2.1091,1.4513,2.0451,-2.7123,3.1416,2.7123,-2.0451,-1.4513,-2.1091,-2.7565,-2.7474,-1.5278,0.36643,2.265,-2.7278,2.8154,-1.8485,-0.39861,-0.25507,-1.1971,-1.381,-0.17685,1.404,2.6159,-1.7487,-2.192,-0.59317,1.1946,1.623,-0.91151,1.2121,-0.57384,1.2681,1.3085,0.89024,0.99192,0.91007,2.0227,1.5368,1.3659,1.4809,2.3322,-1.968,0.0083851,1.6622,1.3394,2.8293,-1.3107,-1.0433,2.0993,-1.4798,-2.98,-0.59625,-1.0051,-1.0322,-0.88292,-1.8305,-0.090936,-0.15706,-0.70818,-0.44446,-0.67501,1.1325,0.4203,0.13007,0.14881,0.27442,2.2604,0.72904,0.26219,1.2575,1.6044,-2.2839,-1.2287,-1.092,-1.9178,2.9059,-1.3385,-0.50293,-0.71715,-1.1804,-2.7933,-0.67278,-0.1779,-0.44959,-0.63133,-1.0619,0.28123,-0.01747,-0.27839,-0.13704,-0.27502,1.8201,-2.7863,-2.3433,-0.70416,-1.3281,0.76315,1.815,0.63459,0.31312,0.25742,2.2049,-2.7228,-2.8533,1.2117,0.41277,2.329,-2.7376,-3.0722,3.0042,1.6741,3.0278,-2.3415,-2.7438,-2.9491,3.0509,-2.0546,-2.006,-2.4077,-2.3107,-2.1376,-3.2979e-05,2.0925,1.9775,0.20768,-0.26949,1.7557,-2.8781,-3.0811,-3.0941,-3.1163
0,-1.9063,-1.4061,-1.3902,-1.3987,0.605,2.5162,2.4728,2.5346,2.5252,-1.9472,0.40187,0.98405,1.296,0.82346,2.2469,-2.428,-2.9493,-2.9223,-2.5585,-0.33118,1.8075,1.9065,1.6993,1.2416,2.7175,-1.6831,-2.4608,-2.7405,-2.9878,-1.3763,0.6601,0.56282,0.72505,0.66501,2.0753,-1.8685,2.5629,2.2693,2.0909,-2.7651,-0.79019,-0.72706,-0.63004,-0.71305,0.37635,2.824,-0.24294,-0.84179,2.8378,-1.8345,0.2106,-0.15315,-0.20495,-0.29755,0.82953,2.9379,2.5284,-3.0528,2.9849,-1.9809,-0.020622,-0.19569,0.072141,0.075243,1.3204,-2.3762,-1.6241,-1.4971,-1.9401,-1.3,0.61313,0.21687,0.45407,0.34964,1.8235,-1.6347,-0.86493,-0.35664,-1.7768,-0.58976,1.2864,0.73412,1.5632,0.82974,2.0237,-2.0625,-2.0162,-1.461,-2.0595,-1.6312,0.26939,0.085808,0.56243,0.34611,1.624,-1.7394,-0.50704,-0.20617,-0.81037,-0.23107,1.7584,1.2134,1.7728,1.3207,2.1154,-2.1343,-1.7728,-1.7088,-3.0056,-2.2621,-0.56617,0.066888,0.074805,0.047194,1.0237,-2.7869,0.94009,2.9821,2.1769,-3.0875,-1.1495,-0.56162,-0.30576,-1.0018,-0.35824,1.3793,-0.44432,0,0.44432,-1.3793,0.35824,1.0018,0.30576,0.56162,1.1495,3.0875,-2.1769,-2.9821,-0.94009,2.7869,-1.0237,-0.047194,-0.074805,-0.066888,0.56617,2.2621,3.0056,1.7088,1.7728,2.1343,-2.1154,-1.3207,-1.7728,-1.2134,-1.7584,0.23107,0.81037,0.20617,0.50704,1.7394,-1.624,-0.34611,-0.56243,-0.085808,-0.26939,1.6312,2.0595,1.461,2.0162,2.0625,-2.0237,-0.82974,-1.5632,-0.73412,-1.2864,0.58976,1.7768,0.35664,0.86493,1.6347,-1.8235,-0.34964,-0.45407,-0.21687,-0.61313,1.3,1.9401,1.4971,1.6241,2.3762,-1.3204,-0.075243,-0.072141,0.19569,0.020622,1.9809,-2.9849,3.0528,-2.5284,-2.9379,-0.82953,0.29755,0.20495,0.15315,-0.2106,1.8345,-2.8378,0.84179,0.24294,-2.824,-0.37635,0.71305,0.63004,0.72706,0.79019,2.7651,-2.0909,-2.2693,-2.5629,1.8685,-2.0753,-0.66501,-0.72505,-0.56282,-0.6601,1.3763,2.9878,2.7405,2.4608,1.6831,-2.7175,-1.2416,-1.6993,-1.9065,-1.8075,0.33118,2.5585,2.9223,2.9493,2.428,-2.2469,-0.82346,-1.296,-0.98405,-0.40187,1.9472,-2.5252,-2.5346,-2.4728,-2.5162,-0.605,1.3987,1.3902,1.4061,1.9063
0,0.29279,0.41214,0.61046,0.74723,2.7309,-1.506,-1.3027,-0.74971,0.16817,2.5306,-1.7137,-1.657,-1.366,-0.34023,2.5333,-1.7381,-1.5591,-1.1892,-0.45837,1.9958,-2.1189,-1.8652,-1.5897,-1.1683,1.0239,-3.0944,3.0517,-3.0899,-2.7831,-0.838,1.3107,0.90157,1.1457,2.1882,-1.5006,0.32471,-0.10669,-0.0072513,0.37707,2.0975,-2.1978,-2.6355,-2.4242,-1.5338,1.1753,-2.9247,2.9392,-2.9302,-1.8406,0.91307,-2.7176,3.0249,-2.8299,-2.2199,-0.19621,1.9787,1.8506,2.1397,2.8816,-1.3298,1.1663,0.94798,1.7132,2.5375,-1.7051,0.57032,0.27681,0.63112,1.5736,-2.5787,0.017846,-1.0367,-0.21157,0.81881,3.0337,-0.32029,-1.7045,-0.92831,0.30543,2.5513,-0.70539,-2.4014,-1.632,-0.4113,1.5765,-2.3291,2.8008,2.9791,-2.4334,-0.4378,2.0796,1.3732,1.9874,3.095,-0.96649,2.3012,1.6143,2.0497,-3.1219,-0.8551,2.4653,0.6965,1.0983,2.1221,-2.2406,0.39128,-1.221,-0.99958,-0.060319,1.6379,-2.3891,2.6839,-3.014,-1.8905,0.52212,0.23765,1.9105,1.9584,3.1009,-1.2867,1.4199,-0.59741,0.15246,1.2444,-3.1258,-1.8536,-0.16195,0,0.16195,1.8536,3.1258,-1.2444,-0.15246,0.59741,-1.4199,1.2867,-3.1009,-1.9584,-1.9105,-0.23765,-0.52212,1.8905,3.014,-2.6839,2.3891,-1.6379,0.060319,0.99958,1.221,-0.39128,2.2406,-2.1221,-1.0983,-0.6965,-2.4653,0.8551,3.1219,-2.0497,-1.6143,-2.3012,0.96649,-3.095,-1.9874,-1.3732,-2.0796,0.4378,2.4334,-2.9791,-2.8008,2.3291,-1.5765,0.4113,1.632,2.4014,0.70539,-2.5513,-0.30543,0.92831,1.7045,0.32029,-3.0337,-0.81881,0.21157,1.0367,-0.017846,2.5787,-1.5736,-0.63112,-0.27681,-0.57032,1.7051,-2.5375,-1.7132,-0.94798,-1.1663,1.3298,-2.8816,-2.1397,-1.8506,-1.9787,0.19621,2.2199,2.8299,-3.0249,2.7176,-0.91307,1.8406,2.9302,-2.9392,2.9247,-1.1753,1.5338,2.4242,2.6355,2.1978,-2.0975,-0.37707,0.0072513,0.10669,-0.32471,1.5006,-2.1882,-1.1457,-0.90157,-1.3107,0.838,2.7831,3.0899,-3.0517,3.0944,-1.0239,1.1683,1.5897,1.8652,2.1189,-1.9958,0.45837,1.1892,1.5591,1.7381,-2.5333,0.34023,1.366,1.657,1.7137,-2.5306,-0.16817,0.74971,1.3027,1.506,-2.7309,-0.74723,-0.61046,-0.41214,-0.29279
3.1416,3.0784,3.0998,3.0287,2.8849,-1.552,0.3718,-0.17794,-1.5027,-1.8745,0.2911,2.0569,1.8853,1.7699,0.55368,2.0628,2.6575,2.3503,2.1875,1.7782,-2.8358,2.9984,2.5873,2.4031,2.6319,-1.6022,-2.5312,3.0063,2.1749,2.8738,-1.0713,-2.547,-1.8151,-2.3089,-2.3833,-0.27441,-2.9018,-2.4387,2.8116,-2.4527,-0.32624,0.2466,-0.033548,0.28901,-1.8104,-0.22139,-0.101,-0.20389,-0.53401,-0.49044,0.60877,0.3658,0.06209,-0.1572,0.95266,-2.1061,0.16994,0.084687,0.15613,1.7991,-1.8972,-1.0636,-0.70259,0.51619,-2.5789,-0.70891,-0.83649,-0.73013,-1.7341,-1.4655,-0.091194,-0.4172,-0.53787,-1.2221,-0.5601,0.2021,-0.23629,-0.37742,-0.54519,0.72801,-1.1839,-0.50692,-0.28315,0.23919,2.2375,-0.70581,-1.2818,-0.85435,0.0078647,2.3201,-0.87938,-1.2273,-1.0645,0.68793,-2.3455,-1.0738,-1.24,-1.2641,-2.0897,-0.73617,-1.5943,-1.4318,-1.6323,-1.5268,0.33454,-0.91644,-2.0807,-2.489,-1.5342,0.46129,-1.8584,-2.7022,3.1004,-1.5764,0.10974,0.278,0.10699,-2.007,-0.87797,0.98648,0.072648,-0.19567,-0.75542,-0.63851,0.78935,0.11059,-0.0057273,-0.90853,0,0.90853,0.0057273,-0.11059,-0.78935,0.63851,0.75542,0.19567,-0.072648,-0.98648,0.87797,2.007,-0.10699,-0.278,-0.10974,1.5764,-3.1004,2.7022,1.8584,-0.46129,1.5342,2.489,2.0807,0.91644,-0.33454,1.5268,1.6323,1.4318,1.5943,0.73617,2.0897,1.2641,1.24,1.0738,2.3455,-0.68793,1.0645,1.2273,0.87938,-2.3201,-0.0078647,0.85435,1.2818,0.70581,-2.2375,-0.23919,0.28315,0.50692,1.1839,-0.72801,0.54519,0.37742,0.23629,-0.2021,0.5601,1.2221,0.53787,0.4172,0.091194,1.4655,1.7341,0.73013,0.83649,0.70891,2.5789,-0.51619,0.70259,1.0636,1.8972,-1.7991,-0.15613,-0.084687,-0.16994,2.1061,-0.95266,0.1572,-0.06209,-0.3658,-0.60877,0.49044,0.53401,0.20389,0.101,0.22139,1.8104,-0.28901,0.033548,-0.2466,0.32624,2.4527,-2.8116,2.4387,2.9018,0.27441,2.3833,2.3089,1.8151,2.547,1.0713,-2.8738,-2.1749,-3.0063,2.5312,1.6022,-2.6319,-2.4031,-2.5873,-2.9984,2.8358,-1.7782,-2.1875,-2.3503,-2.6575,-2.0628,-0.55368,-1.7699,-1.8853,-2.0569,-0.2911,1.8745,1.5027,0.17794,-0.3718,1.552,-2.8849,-3.0287,-3.0998,-3.0784
0,-0.20674,-0.67188,-0.95272,-1.3649,0.52916,2.2163,1.8477,1.7888,1.909,-2.0457,0.088411,0.17477,0.1994,-0.15318,1.5385,2.5492,1.431,1.5555,2.8352,-0.84635,0.36435,0.14606,0.03023,-0.13465,1.8713,2.6467,2.0349,1.6741,1.8417,-2.1322,-1.4948,-1.3168,-1.3209,-1.1579,0.81252,1.2484,0.6931,0.35917,0.74343,3.0625,-2.4348,-2.6766,-2.9606,2.9729,-1.5331,-1.5376,-1.6466,-1.7417,-0.30772,2.3269,-2.8902,-2.6037,-2.8469,-2.4386,-0.78025,-1.4013,-1.6153,-1.4688,0.84086,-3.0251,-2.1025,-2.35,-2.736,-2.28,-0.42662,-1.4053,-1.1147,-1.2338,0.72111,2.9265,-2.729,-2.8104,2.5742,-2.5529,-1.2037,-1.2114,-1.6359,-1.3115,1.2832,2.953,-2.7618,-2.6355,2.5081,-1.8585,-0.18212,-1.3195,-1.4262,-2.1369,-0.027877,1.9282,-2.0398,-1.6884,0.50608,-2.9376,-1.5779,-1.2598,-1.6449,-1.6155,0.89208,-3.0978,-2.1217,-2.8116,2.0348,-1.8656,-0.61256,-1.3459,-1.3961,-2.0959,0.14118,1.4013,0.13095,0.33317,-0.41035,1.6757,2.7577,2.5793,2.9184,1.9307,-2.1605,-1.0613,-1.8355,-1.8084,-2.0709,0.15662,1.5321,2.0921,-2.4532,0,2.4532,-2.0921,-1.5321,-0.15662,2.0709,1.8084,1.8355,1.0613,2.1605,-1.9307,-2.9184,-2.5793,-2.7577,-1.6757,0.41035,-0.33317,-0.13095,-1.4013,-0.14118,2.0959,1.3961,1.3459,0.61256,1.8656,-2.0348,2.8116,2.1217,3.0978,-0.89208,1.6155,1.6449,1.2598,1.5779,2.9376,-0.50608,1.6884,2.0398,-1.9282,0.027877,2.1369,1.4262,1.3195,0.18212,1.8585,-2.5081,2.6355,2.7618,-2.953,-1.2832,1.3115,1.6359,1.2114,1.2037,2.5529,-2.5742,2.8104,2.729,-2.9265,-0.72111,1.2338,1.1147,1.4053,0.42662,2.28,2.736,2.35,2.1025,3.0251,-0.84086,1.4688,1.6153,1.4013,0.78025,2.4386,2.8469,2.6037,2.8902,-2.3269,0.30772,1.7417,1.6466,1.5376,1.5331,-2.9729,2.9606,2.6766,2.4348,-3.0625,-0.74343,-0.35917,-0.6931,-1.2484,-0.81252,1.1579,1.3209,1.3168,1.4948,2.1322,-1.8417,-1.6741,-2.0349,-2.6467,-1.8713,0.13465,-0.03023,-0.14606,-0.36435,0.84635,-2.8352,-1.5555,-1.431,-2.5492,-1.5385,0.15318,-0.1994,-0.17477,-0.088411,2.0457,-1.909,-1.7888,-1.8477,-2.2163,-0.52916,1.3649,0.95272,0.67188,0.20674
0,0.23414,0.35612,0.46262,0.50048,2.5647,-1.702,-1.5993,-1.1982,-0.47298,2.0564,-2.1873,-2.0898,-1.7934,-1.009,1.5649,-2.7831,-2.6064,-2.32,-1.7634,0.79062,2.6663,2.6957,2.8655,-2.9641,-0.48925,1.2585,0.88339,1.0878,1.3222,-2.7302,-1.1905,-1.237,-1.0379,-0.008768,2.7426,-1.8819,-2.0454,-2.0008,-1.9505,0.46623,1.9972,1.6787,1.5641,1.9922,-2.0432,-0.56627,-0.46873,-0.13765,0.97825,-2.6251,-1.1165,-1.0363,-1.03,0.078149,2.8463,-1.5107,-1.4033,-1.2305,-0.32251,-2.9924,-0.1428,-1.8103,-1.2477,-1.1099,1.134,2.5004,2.7227,3.0655,-2.3324,-0.028755,1.0841,0.11508,0.31348,2.0445,-1.6276,-1.3306,-0.75729,-0.76148,1.8355,-1.3388,0.27762,-0.88238,-0.80963,0.76463,-3.1332,-1.1849,-2.9337,3.0645,-1.5134,0.63119,0.49804,0.17252,0.4356,-2.5325,-0.13553,-0.37807,-0.073192,0.16125,-2.5599,-0.34074,0.59108,-0.13004,0.157,2.6531,-1.0308,-3.1336,-1.0669,-2.1167,0.57285,3.0303,-1.5173,1.6448,1.4401,-2.1797,0.051674,-0.65353,-0.4432,-0.48691,1.8871,-3.0433,3.1363,-2.4676,-2.1151,0.46847,3.043,-0.95492,1.3382,0,-1.3382,0.95492,-3.043,-0.46847,2.1151,2.4676,-3.1363,3.0433,-1.8871,0.48691,0.4432,0.65353,-0.051674,2.1797,-1.4401,-1.6448,1.5173,-3.0303,-0.57285,2.1167,1.0669,3.1336,1.0308,-2.6531,-0.157,0.13004,-0.59108,0.34074,2.5599,-0.16125,0.073192,0.37807,0.13553,2.5325,-0.4356,-0.17252,-0.49804,-0.63119,1.5134,-3.0645,2.9337,1.1849,3.1332,-0.76463,0.80963,0.88238,-0.27762,1.3388,-1.8355,0.76148,0.75729,1.3306,1.6276,-2.0445,-0.31348,-0.11508,-1.0841,0.028755,2.3324,-3.0655,-2.7227,-2.5004,-1.134,1.1099,1.2477,1.8103,0.1428,2.9924,0.32251,1.2305,1.4033,1.5107,-2.8463,-0.078149,1.03,1.0363,1.1165,2.6251,-0.97825,0.13765,0.46873,0.56627,2.0432,-1.9922,-1.5641,-1.6787,-1.9972,-0.46623,1.9505,2.0008,2.0454,1.8819,-2.7426,0.008768,1.0379,1.237,1.1905,2.7302,-1.3222,-1.0878,-0.88339,-1.2585,0.48925,2.9641,-2.8655,-2.6957,-2.6663,-0.79062,1.7634,2.32,2.6064,2.7831,-1.5649,1.009,1.7934,2.0898,2.1873,-2.0564,0.47298,1.1982,1.5993,1.702,-2.5647,-0.50048,-0.46262,-0.35612,-0.23414
3.1416,2.9205,2.8951,2.867,2.6605,-1.6325,0.22489,-0.029176,-0.34201,-1.8841,-0.1707,1.0824,0.47645,0.25694,-0.25428,1.1383,1.4484,0.76045,0.65985,0.39816,2.188,0.97565,1.0183,1.0154,0.92896,-3.0707,-0.63871,0.96481,0.97734,1.1084,-2.959,-1.1768,-1.7745,3.0528,1.9639,-2.0409,-0.69459,1.9942,1.8303,1.9884,-1.8986,-0.59617,-0.65853,-0.6478,1.584,-2.2515,-1.0836,-1.3474,-1.4071,-3.0553,-1.2516,-1.1975,-1.4011,-1.339,-1.9308,-0.74376,-1.1443,-1.1868,-1.1895,-1.2532,-0.57313,-0.84151,-0.9529,-0.99401,-0.23285,-2.1922,-0.45266,-0.64125,-0.76809,0.58982,-2.3685,-1.2891,-0.9001,-0.85268,0.61765,-2.054,-0.83398,-1.0157,-0.90926,-1.5442,-0.48188,-0.6547,-0.67559,-0.45189,-2.1306,-0.019833,-0.1073,-0.47427,-0.21105,-2.5394,-0.29614,-0.62009,-0.55801,-0.42157,-1.294,-0.28298,-0.6069,-0.5501,-0.67085,-0.3288,-0.65895,-0.75192,-0.72442,-1.1775,0.70399,-1.2273,-0.40721,-0.66258,-0.87223,1.2677,-1.6136,-1.0537,-1.0352,-1.7777,0.39053,-1.7834,-0.26367,-0.49364,-1.8809,0.043369,2.2427,-0.40447,-0.5536,-1.2223,0.075021,0.1186,0.0019665,0.10296,0,-0.10296,-0.0019665,-0.1186,-0.075021,1.2223,0.5536,0.40447,-2.2427,-0.043369,1.8809,0.49364,0.26367,1.7834,-0.39053,1.7777,1.0352,1.0537,1.6136,-1.2677,0.87223,0.66258,0.40721,1.2273,-0.70399,1.1775,0.72442,0.75192,0.65895,0.3288,0.67085,0.5501,0.6069,0.28298,1.294,0.42157,0.55801,0.62009,0.29614,2.5394,0.21105,0.47427,0.1073,0.019833,2.1306,0.45189,0.67559,0.6547,0.48188,1.5442,0.90926,1.0157,0.83398,2.054,-0.61765,0.85268,0.9001,1.2891,2.3685,-0.58982,0.76809,0.64125,0.45266,2.1922,0.23285,0.99401,0.9529,0.84151,0.57313,1.2532,1.1895,1.1868,1.1443,0.74376,1.9308,1.339,1.4011,1.1975,1.2516,3.0553,1.4071,1.3474,1.0836,2.2515,-1.584,0.6478,0.65853,0.59617,1.8986,-1.9884,-1.8303,-1.9942,0.69459,2.0409,-1.9639,-3.0528,1.7745,1.1768,2.959,-1.1084,-0.97734,-0.96481,0.63871,3.0707,-0.92896,-1.0154,-1.0183,-0.97565,-2.188,-0.39816,-0.65985,-0.76045,-1.4484,-1.1383,0.25428,-0.25694,-0.47645,-1.0824,0.1707,1.8841,0.34201,0.029176,-0.22489,1.6325,-2.6605,-2.867,-2.8951,-2.9205
0,-0.38847,-0.75428,-1.1175,-1.4646,0.47088,2.2762,2.0021,1.8393,1.662,-2.584,-0.04794,0.4702,0.28155,-0.88292,1.1991,2.6534,1.989,1.7574,1.8607,-2.1772,-0.62522,-1.4106,-1.3767,-1.6079,0.8436,2.1293,1.0016,0.62585,0.59618,3.1216,-1.1697,-2.1197,-2.5744,-2.7607,-0.31459,1.7355,-1.7485,-1.6553,-0.78031,1.8657,2.7178,2.4198,1.7393,1.0881,-2.7403,1.8899,2.8164,2.8134,-2.648,0.084226,1.562,2.306,2.5804,0.73343,2.6786,2.8545,2.4397,2.4302,-2.9617,0.43259,2.3173,2.6341,2.8729,1.6175,1.6541,-2.9946,2.6629,2.1627,-2.5948,0.95876,2.0728,2.8592,3.1002,-0.20883,3.0638,2.3832,2.306,2.3504,2.6209,2.9851,2.5978,2.9426,-3.1233,0.13684,-2.0715,2.9598,2.1412,-2.1151,1.7061,1.9839,2.1678,2.4747,2.0902,-3.066,2.5554,2.8037,2.8521,-2.9476,2.5396,2.132,2.9731,2.4112,2.151,-1.8457,2.9498,2.7888,2.9893,-2.3552,2.3278,-2.4359,-1.7924,-1.8054,-0.53243,2.0741,-2.8162,0.49914,2.5374,1.3126,-2.8391,-2.2258,2.258,-3.0163,-2.9161,-0.75789,-2.0203,2.5107,-1.9134,0,1.9134,-2.5107,2.0203,0.75789,2.9161,3.0163,-2.258,2.2258,2.8391,-1.3126,-2.5374,-0.49914,2.8162,-2.0741,0.53243,1.8054,1.7924,2.4359,-2.3278,2.3552,-2.9893,-2.7888,-2.9498,1.8457,-2.151,-2.4112,-2.9731,-2.132,-2.5396,2.9476,-2.8521,-2.8037,-2.5554,3.066,-2.0902,-2.4747,-2.1678,-1.9839,-1.7061,2.1151,-2.1412,-2.9598,2.0715,-0.13684,3.1233,-2.9426,-2.5978,-2.9851,-2.6209,-2.3504,-2.306,-2.3832,-3.0638,0.20883,-3.1002,-2.8592,-2.0728,-0.95876,2.5948,-2.1627,-2.6629,2.9946,-1.6541,-1.6175,-2.8729,-2.6341,-2.3173,-0.43259,2.9617,-2.4302,-2.4397,-2.8545,-2.6786,-0.73343,-2.5804,-2.306,-1.562,-0.084226,2.648,-2.8134,-2.8164,-1.8899,2.7403,-1.0881,-1.7393,-2.4198,-2.7178,-1.8657,0.78031,1.6553,1.7485,-1.7355,0.31459,2.7607,2.5744,2.1197,1.1697,-3.1216,-0.59618,-0.62585,-1.0016,-2.1293,-0.8436,1.6079,1.3767,1.4106,0.62522,2.1772,-1.8607,-1.7574,-1.989,-2.6534,-1.1991,0.88292,-0.28155,-0.4702,0.04794,2.584,-1.662,-1.8393,-2.0021,-2.2762,-0.47088,1.4646,1.1175,0.75428,0.38847
0,0.37255,0.54336,0.69377,0.61844,2.6556,-1.5955,-1.5128,-1.3692,-1.0157,1.5783,-2.2536,-1.884,-1.7243,-1.2974,1.2642,-2.5691,-2.0032,-2.2409,-2.6243,-0.39291,1.5015,0.95824,2.5105,1.7997,-1.379,1.1771,-1.6147,0.45401,-0.28893,3.0812,-0.57172,0.17062,0.26864,-1.5392,2.198,-1.6975,-0.94903,-1.6352,1.9151,-0.23714,2.4691,-1.7258,0.38059,0.19612,-2.9357,-1.1992,0.21277,1.0323,-1.7072,2.4548,-1.0352,2.6447,-1.3997,-2.6648,0.060094,-1.7772,-1.0387,-0.52187,2.3215,-0.23633,-1.6022,-1.329,-1.3028,-0.29697,-0.035597,1.6451,-1.292,-1.0754,-0.1216,-1.2036,0.27242,1.6175,-0.96983,-1.8967,-0.32029,-1.1966,-0.53672,-0.50998,0.92543,-0.25148,-1.0031,-0.50356,-0.52691,1.297,3.1278,-1.8726,-1.4376,-1.8305,-0.88548,0.69964,-1.502,-0.39182,-0.25573,-2.0186,-0.68621,0.30642,-0.5844,-0.31831,2.3032,-0.57796,0.5908,-0.23666,-0.8942,2.7737,-1.4585,-0.089295,-0.093312,1.6135,-2.3936,0.71925,-1.9551,-0.42338,0.19807,-2.2343,-0.32416,1.3629,-1.1974,-1.5834,1.5157,-1.0975,-0.39379,-0.41314,2.2186,-0.28563,2.2712,-0.51657,1.0349,0,-1.0349,0.51657,-2.2712,0.28563,-2.2186,0.41314,0.39379,1.0975,-1.5157,1.5834,1.1974,-1.3629,0.32416,2.2343,-0.19807,0.42338,1.9551,-0.71925,2.3936,-1.6135,0.093312,0.089295,1.4585,-2.7737,0.8942,0.23666,-0.5908,0.57796,-2.3032,0.31831,0.5844,-0.30642,0.68621,2.0186,0.25573,0.39182,1.502,-0.69964,0.88548,1.8305,1.4376,1.8726,-3.1278,-1.297,0.52691,0.50356,1.0031,0.25148,-0.92543,0.50998,0.53672,1.1966,0.32029,1.8967,0.96983,-1.6175,-0.27242,1.2036,0.1216,1.0754,1.292,-1.6451,0.035597,0.29697,1.3028,1.329,1.6022,0.23633,-2.3215,0.52187,1.0387,1.7772,-0.060094,2.6648,1.3997,-2.6447,1.0352,-2.4548,1.7072,-1.0323,-0.21277,1.1992,2.9357,-0.19612,-0.38059,1.7258,-2.4691,0.23714,-1.9151,1.6352,0.94903,1.6975,-2.198,1.5392,-0.26864,-0.17062,0.57172,-3.0812,0.28893,-0.45401,1.6147,-1.1771,1.379,-1.7997,-2.5105,-0.95824,-1.5015,0.39291,2.6243,2.2409,2.0032,2.5691,-1.2642,1.2974,1.7243,1.884,2.2536,-1.5783,1.0157,1.3692,1.5128,1.5955,-2.6556,-0.61844,-0.69377,-0.54336,-0.37255
3.1416,-3.1303,-2.9181,-2.9322,3.1372,-1.2886,0.81313,1.0016,1.0476,2.3197,-0.24382,1.6325,1.6035,1.3693,1.1546,1.7193,-2.5045,2.961,2.7392,-1.8654,2.2211,-1.4171,-2.9344,-2.4898,-2.1309,-2.2413,-0.044535,1.2114,1.2961,-2.1927,-2.1181,0.46565,0.55138,1.4652,-1.4559,-0.23144,1.8788,1.6736,2.0915,-2.4161,-0.6521,1.3599,2.3699,1.2989,1.0999,2.8301,1.8382,2.0397,3.1216,1.3326,1.8084,2.8873,2.4805,2.5194,2.8807,2.1844,3.0349,1.5374,2.0042,1.9109,2.8814,-2.0484,1.6003,2.1028,1.8946,-2.8052,1.2646,2.1074,2.1555,2.3723,1.5307,2.127,2.4575,2.8447,2.772,-2.3739,2.1478,2.8117,2.2998,1.8482,2.3042,3.0775,2.3571,2.347,-2.319,1.7761,-1.8182,1.8409,1.9771,3.1153,2.1535,2.4033,2.0904,2.4119,2.7025,2.5578,2.1723,2.4681,2.4826,3.0129,2.755,2.8243,2.5792,2.0207,2.0858,1.2278,2.8604,-1.9515,1.5212,-2.9657,-1.2299,2.969,-2.8746,1.9916,-3.1027,3.1161,-2.804,2.9376,-3.0419,-1.3592,0.92564,2.9127,2.19,3.0348,-1.7858,2.4963,-2.9772,2.4939,3.1416,-2.4939,2.9772,-2.4963,1.7858,-3.0348,-2.19,-2.9127,-0.92564,1.3592,3.0419,-2.9376,2.804,-3.1161,3.1027,-1.9916,2.8746,-2.969,1.2299,2.9657,-1.5212,1.9515,-2.8604,-1.2278,-2.0858,-2.0207,-2.5792,-2.8243,-2.755,-3.0129,-2.4826,-2.4681,-2.1723,-2.5578,-2.7025,-2.4119,-2.0904,-2.4033,-2.1535,-3.1153,-1.9771,-1.8409,1.8182,-1.7761,2.319,-2.347,-2.3571,-3.0775,-2.3042,-1.8482,-2.2998,-2.8117,-2.1478,2.3739,-2.772,-2.8447,-2.4575,-2.127,-1.5307,-2.3723,-2.1555,-2.1074,-1.2646,2.8052,-1.8946,-2.1028,-1.6003,2.0484,-2.8814,-1.9109,-2.0042,-1.5374,-3.0349,-2.1844,-2.8807,-2.5194,-2.4805,-2.8873,-1.8084,-1.3326,-3.1216,-2.0397,-1.8382,-2.8301,-1.0999,-1.2989,-2.3699,-1.3599,0.6521,2.4161,-2.0915,-1.6736,-1.8788,0.23144,1.4559,-1.4652,-0.55138,-0.46565,2.1181,2.1927,-1.2961,-1.2114,0.044535,2.2413,2.1309,2.4898,2.9344,1.4171,-2.2211,1.8654,-2.7392,-2.961,2.5045,-1.7193,-1.1546,-1.3693,-1.6035,-1.6325,0.24382,-2.3197,-1.0476,-1.0016,-0.81313,1.2886,-3.1372,2.9322,2.9181,3.1303
0,0.071927,-0.20126,-0.3084,-0.62312,1.1622,-2.9119,2.9353,2.9222,2.2939,-2.3693,1.2509,2.9155,2.5049,2.0431,2.6612,-0.87855,2.6881,-2.7141,-2.3783,-1.0022,2.4794,0.4121,-0.98464,0.78892,-3.0018,0.1129,-2.0517,-2.0459,-1.2473,-0.3452,1.9055,0.92917,1.4892,0.26745,2.7214,0.017762,2.6251,0.89509,0.19759,-2.3473,2.1367,-1.8722,2.2945,0.82679,2.5607,-2.4724,2.7528,3.0907,2.4602,-1.8019,2.1068,-3.0939,2.3509,1.8387,3.0596,-0.6429,2.9415,2.3119,1.7871,-2.8448,2.9732,0.59541,2.7104,2.5952,3.0175,-0.60794,-3.1409,1.7401,2.5449,2.0045,-2.9726,1.5269,2.9569,2.4883,-1.9505,1.2019,3.0814,2.1207,2.0617,-2.1079,2.9209,2.9927,-2.0037,0.41174,2.0273,2.7511,-2.057,2.5321,2.34,2.375,-2.6977,2.2883,-2.739,2.2735,2.8252,2.7645,-3.1255,-3.0391,0.96124,3.0179,1.1771,2.7475,2.8661,-0.074323,2.6829,0.89671,1.589,1.7251,-2.6932,-0.62128,1.7698,2.6531,1.965,1.7189,2.9249,-1.5942,-1.4626,1.3124,-2.9252,2.4971,-2.5174,2.8806,2.6345,-1.771,3.0746,-2.5301,-0.34605,3.1416,0.34605,2.5301,-3.0746,1.771,-2.6345,-2.8806,2.5174,-2.4971,2.9252,-1.3124,1.4626,1.5942,-2.9249,-1.7189,-1.965,-2.6531,-1.7698,0.62128,2.6932,-1.7251,-1.589,-0.89671,-2.6829,0.074323,-2.8661,-2.7475,-1.1771,-3.0179,-0.96124,3.0391,3.1255,-2.7645,-2.8252,-2.2735,2.739,-2.2883,2.6977,-2.375,-2.34,-2.5321,2.057,-2.7511,-2.0273,-0.41174,2.0037,-2.9927,-2.9209,2.1079,-2.0617,-2.1207,-3.0814,-1.2019,1.9505,-2.4883,-2.9569,-1.5269,2.9726,-2.0045,-2.5449,-1.7401,3.1409,0.60794,-3.0175,-2.5952,-2.7104,-0.59541,-2.9732,2.8448,-1.7871,-2.3119,-2.9415,0.6429,-3.0596,-1.8387,-2.3509,3.0939,-2.1068,1.8019,-2.4602,-3.0907,-2.7528,2.4724,-2.5607,-0.82679,-2.2945,1.8722,-2.1367,2.3473,-0.19759,-0.89509,-2.6251,-0.017762,-2.7214,-0.26745,-1.4892,-0.92917,-1.9055,0.3452,1.2473,2.0459,2.0517,-0.1129,3.0018,-0.78892,0.98464,-0.4121,-2.4794,1.0022,2.3783,2.7141,-2.6881,0.87855,-2.6612,-2.0431,-2.5049,-2.9155,-1.2509,2.3693,-2.2939,-2.9222,-2.9353,2.9119,-1.1622,0.62312,0.3084,0.20126,-0.071927
0,2.4419,2.4804,1.8031,1.3943,-2.8097,-0.68797,-1.1399,-1.2695,-1.2502,2.0839,-1.1838,-1.5319,-1.6401,-1.2242,-2.3092,-0.75283,-1.7017,-1.8593,-1.6324,0.026603,-1.4986,-1.583,-1.9703,-2.0576,0.12644,-1.288,-1.0217,-1.6223,-1.918,0.13929,2.5278,-0.89471,0.4879,2.728,-0.95425,0.34968,-2.6938,-2.0697,-1.8953,-0.17749,1.9818,0.95682,1.0626,0.33591,2.5907,-1.1593,1.5881,-0.21194,0.36327,1.8204,-1.5035,-1.1539,-0.35083,-0.762,0.26723,0.031006,0.45131,-0.29368,0.68027,-2.8859,0.34855,-0.54102,0.0077525,-1.6736,0.073206,1.3629,-0.90783,-0.067327,-0.024072,1.1224,-1.7145,-1.2386,-1.5963,0.027088,-0.051573,-0.31657,0.47761,-1.3416,-3.0338,-0.78437,0.1062,0.39619,0.19896,-3.0385,-0.39523,-0.83294,0.078123,-0.16293,0.16759,1.6371,0.46317,-0.075413,-0.44172,0.76681,-0.018583,-0.39716,0.065915,-0.19867,1.5864,-0.85324,0.52929,-0.11796,-0.1619,0.33566,1.8598,-2.5106,-0.20302,1.515,-2.2556,-0.88602,1.1321,-2.9403,-2.5996,-1.2316,0.24389,-0.14527,0.31073,-2.0409,0.078526,-0.27887,-0.29673,0.033665,1.2966,-1.2988,-0.34708,-0.18259,-0.075511,0,0.075511,0.18259,0.34708,1.2988,-1.2966,-0.033665,0.29673,0.27887,-0.078526,2.0409,-0.31073,0.14527,-0.24389,1.2316,2.5996,2.9403,-1.1321,0.88602,2.2556,-1.515,0.20302,2.5106,-1.8598,-0.33566,0.1619,0.11796,-0.52929,0.85324,-1.5864,0.19867,-0.065915,0.39716,0.018583,-0.76681,0.44172,0.075413,-0.46317,-1.6371,-0.16759,0.16293,-0.078123,0.83294,0.39523,3.0385,-0.19896,-0.39619,-0.1062,0.78437,3.0338,1.3416,-0.47761,0.31657,0.051573,-0.027088,1.5963,1.2386,1.7145,-1.1224,0.024072,0.067327,0.90783,-1.3629,-0.073206,1.6736,-0.0077525,0.54102,-0.34855,2.8859,-0.68027,0.29368,-0.45131,-0.031006,-0.26723,0.762,0.35083,1.1539,1.5035,-1.8204,-0.36327,0.21194,-1.5881,1.1593,-2.5907,-0.33591,-1.0626,-0.95682,-1.9818,0.17749,1.8953,2.0697,2.6938,-0.34968,0.95425,-2.728,-0.4879,0.89471,-2.5278,-0.13929,1.918,1.6223,1.0217,1.288,-0.12644,2.0576,1.9703,1.583,1.4986,-0.026603,1.6324,1.8593,1.7017,0.75283,2.3092,1.2242,1.6401,1.5319,1.1838,-2.0839,1.2502,1.2695,1.1399,0.68797,2.8097,-1.3943,-1.8031,-2.4804,-2.4419
0,2.7415,-2.8427,-2.891,-2.7963,-0.59911,1.6404,1.5822,1.3113,1.8437,0.40803,1.5773,1.3817,1.5603,1.9632,-1.5878,1.2038,1.5145,1.1603,-0.4056,1.4127,2.2265,1.5757,1.9187,1.3181,-2.8979,-0.9464,1.2417,-1.4306,-2.7824,0.6232,2.9376,2.6369,2.7041,1.652,1.865,1.6193,2.8749,1.8403,1.6252,-2.0938,0.64568,-1.4595,0.50857,0.82669,-3.1348,0.6391,-1.903,0.87737,2.2829,-2.202,-2.6903,0.78382,2.5515,2.3321,-2.0418,0.66381,1.7323,1.2445,0.35959,2.3537,3.0525,2.1262,2.5338,2.963,2.7277,1.9256,2.2183,2.4999,-3.007,1.3835,2.7693,2.7262,2.994,-2.3077,0.83148,2.385,3.1262,-2.9802,-1.792,2.4158,-1.3044,3.0348,2.85,-0.57032,-1.9661,0.56898,2.4173,0.926,1.6852,3.0581,2.4895,-2.9754,0.57982,2.2258,-2.5885,2.7667,-2.7814,2.1671,-2.3539,2.0591,2.9398,-2.6933,2.4732,2.6904,-2.3676,0.64797,-2.7668,-0.048822,-2.4353,2.7028,1.4251,-2.019,-1.1093,1.3363,-2.7936,1.9651,3.0023,2.8077,-2.301,-0.46625,1.5661,2.6312,1.9259,-2.4,2.9212,-2.0594,2.9753,3.1416,-2.9753,2.0594,-2.9212,2.4,-1.9259,-2.6312,-1.5661,0.46625,2.301,-2.8077,-3.0023,-1.9651,2.7936,-1.3363,1.1093,2.019,-1.4251,-2.7028,2.4353,0.048822,2.7668,-0.64797,2.3676,-2.6904,-2.4732,2.6933,-2.9398,-2.0591,2.3539,-2.1671,2.7814,-2.7667,2.5885,-2.2258,-0.57982,2.9754,-2.4895,-3.0581,-1.6852,-0.926,-2.4173,-0.56898,1.9661,0.57032,-2.85,-3.0348,1.3044,-2.4158,1.792,2.9802,-3.1262,-2.385,-0.83148,2.3077,-2.994,-2.7262,-2.7693,-1.3835,3.007,-2.4999,-2.2183,-1.9256,-2.7277,-2.963,-2.5338,-2.1262,-3.0525,-2.3537,-0.35959,-1.2445,-1.7323,-0.66381,2.0418,-2.3321,-2.5515,-0.78382,2.6903,2.202,-2.2829,-0.87737,1.903,-0.6391,3.1348,-0.82669,-0.50857,1.4595,-0.64568,2.0938,-1.6252,-1.8403,-2.8749,-1.6193,-1.865,-1.652,-2.7041,-2.6369,-2.9376,-0.6232,2.7824,1.4306,-1.2417,0.9464,2.8979,-1.3181,-1.9187,-1.5757,-2.2265,-1.4127,0.4056,-1.1603,-1.5145,-1.2038,1.5878,-1.9632,-1.5603,-1.3817,-1.5773,-0.40803,-1.8437,-1.3113,-1.5822,-1.6404,0.59911,2.7963,2.891,2.8427,-2.7415
0,0.67114,0.65742,-0.26814,-1.0544,1.5485,-2.0912,-2.8088,-2.5072,-1.856,0.51552,1.5491,1.1286,1.5202,2.0191,-1.5656,1.4772,-1.2497,0.16729,0.35431,2.9133,1.3651,-1.3155,-1.0288,-0.58578,1.3335,2.0667,2.5299,-2.9774,0.076061,1.545,-2.7064,-2.3437,-2.5858,-2.8463,-1.6772,1.7274,2.9921,-3.0802,-2.0312,-2.6785,-0.37391,0.3726,0.70117,0.49596,1.6271,1.6295,2.683,-2.7842,1.9387,1.6908,-1.318,1.8126,2.2329,-1.8559,-2.7673,0.50954,-0.49259,0.34498,-0.40709,1.6675,2.0487,2.0816,2.0629,2.5229,-2.484,-0.83816,-0.073665,1.7143,0.3147,1.9706,3.0546,2.1572,-2.2733,2.8145,-0.59476,-0.42815,1.4829,2.4487,-0.47651,2.7281,-1.0234,0.81368,1.084,2.1393,-2.0737,1.2833,-1.8333,0.29369,0.91833,2.5133,2.683,-3.1121,3.071,2.7128,-1.669,-1.5028,0.036737,0.63693,1.1176,1.3609,2.2462,1.987,1.9861,1.8721,2.5249,-2.7273,2.618,-3.0383,-2.329,-1.0831,0.1103,0.57429,0.83985,-3.0143,1.708,3.0822,-3.0488,-2.8947,-2.4784,0.92736,-2.6862,-2.9783,1.3805,2.9622,-2.8287,-1.5362,2.0526,3.1416,-2.0526,1.5362,2.8287,-2.9622,-1.3805,2.9783,2.6862,-0.92736,2.4784,2.8947,3.0488,-3.0822,-1.708,3.0143,-0.83985,-0.57429,-0.1103,1.0831,2.329,3.0383,-2.618,2.7273,-2.5249,-1.8721,-1.9861,-1.987,-2.2462,-1.3609,-1.1176,-0.63693,-0.036737,1.5028,1.669,-2.7128,-3.071,3.1121,-2.683,-2.5133,-0.91833,-0.29369,1.8333,-1.2833,2.0737,-2.1393,-1.084,-0.81368,1.0234,-2.7281,0.47651,-2.4487,-1.4829,0.42815,0.59476,-2.8145,2.2733,-2.1572,-3.0546,-1.9706,-0.3147,-1.7143,0.073665,0.83816,2.484,-2.5229,-2.0629,-2.0816,-2.0487,-1.6675,0.40709,-0.34498,0.49259,-0.50954,2.7673,1.8559,-2.2329,-1.8126,1.318,-1.6908,-1.9387,2.7842,-2.683,-1.6295,-1.6271,-0.49596,-0.70117,-0.3726,0.37391,2.6785,2.0312,3.0802,-2.9921,-1.7274,1.6772,2.8463,2.5858,2.3437,2.7064,-1.545,-0.076061,2.9774,-2.5299,-2.0667,-1.3335,0.58578,1.0288,1.3155,-1.3651,-2.9133,-0.35431,-0.16729,1.2497,-1.4772,1.5656,-2.0191,-1.5202,-1.1286,-1.5491,-0.51552,1.856,2.5072,2.8088,2.0912,-1.5485,1.0544,0.26814,-0.65742,-0.67114
0,1.5893,1.2578,1.3343,0.68615,-2.62,0.56621,-0.65731,2.7849,0.40905,-2.7975,0.38243,-3.0641,-3.0763,0.0057573,-2.9256,2.3757,-1.96,1.5354,2.1336,-1.9405,-0.2613,-0.68152,0.45407,2.5009,-0.96476,2.4458,-0.10015,-0.85695,-0.27724,2.1806,-1.234,-0.70043,0.19782,0.56081,1.572,1.4971,-2.4523,-0.58709,0.78112,2.8171,-1.7958,-2.0002,-2.1841,-0.79259,1.1805,2.9396,-2.6749,-2.8209,-2.1022,-0.42889,1.5002,-2.2643,0.75183,1.4091,2.735,-2.8426,-2.4576,-2.0913,-1.3828,1.7843,-1.604,3.1092,0.76056,-2.6376,-0.23191,2.2719,-2.6457,1.0974,-2.5882,-0.96115,-1.4222,1.7123,-1.3952,0.35038,1.8199,-2.5423,-0.97643,-0.39375,-1.2545,1.0627,-1.8738,-1.2456,1.029,-1.4337,1.1562,-0.33592,0.49942,1.8648,-0.04493,2.8353,0.72933,3.0263,0.86932,2.9188,2.0448,-2.8027,-2.5165,0.584,3.0098,-2.2971,-1.4783,0.68213,-2.1575,0.20189,-1.772,0.8527,-1.9477,0.92038,-0.43403,2.2069,-2.6443,2.8506,2.7272,-1.419,0.61572,-1.6729,-0.42043,-1.1472,-0.38902,1.2036,0.049844,0.43504,0.0031311,-0.82879,1.184,-1.6074,0.29205,3.1416,-0.29205,1.6074,-1.184,0.82879,-0.0031311,-0.43504,-0.049844,-1.2036,0.38902,1.1472,0.42043,1.6729,-0.61572,1.419,-2.7272,-2.8506,2.6443,-2.2069,0.43403,-0.92038,1.9477,-0.8527,1.772,-0.20189,2.1575,-0.68213,1.4783,2.2971,-3.0098,-0.584,2.5165,2.8027,-2.0448,-2.9188,-0.86932,-3.0263,-0.72933,-2.8353,0.04493,-1.8648,-0.49942,0.33592,-1.1562,1.4337,-1.029,1.2456,1.8738,-1.0627,1.2545,0.39375,0.97643,2.5423,-1.8199,-0.35038,1.3952,-1.7123,1.4222,0.96115,2.5882,-1.0974,2.6457,-2.2719,0.23191,2.6376,-0.76056,-3.1092,1.604,-1.7843,1.3828,2.0913,2.4576,2.8426,-2.735,-1.4091,-0.75183,2.2643,-1.5002,0.42889,2.1022,2.8209,2.6749,-2.9396,-1.1805,0.79259,2.1841,2.0002,1.7958,-2.8171,-0.78112,0.58709,2.4523,-1.4971,-1.572,-0.56081,-0.19782,0.70043,1.234,-2.1806,0.27724,0.85695,0.10015,-2.4458,0.96476,-2.5009,-0.45407,0.68152,0.2613,1.9405,-2.1336,-1.5354,1.96,-2.3757,2.9256,-0.0057573,3.0763,3.0641,-0.38243,2.7975,-0.40905,-2.7849,0.65731,-0.56621,2.62,-0.68615,-1.3343,-1.2578,-1.5893
0,2.1223,1.6994,2.7164,2.5339,-0.67419,2.0853,3.1344,1.2994,-2.2825,0.6379,2.5915,-2.7662,-1.5049,0.69832,2.8686,1.612,-2.2784,-2.7737,-2.1352,-0.025235,2.0855,1.0105,-1.5077,-0.44985,1.7239,2.181,1.983,2.7187,-2.1755,2.7916,-2.0372,-1.5267,2.9563,2.6285,-1.9821,-0.32859,-1.8731,-2.0031,-1.5556,0.51239,2.3028,-1.8244,0.081807,-1.1001,1.0143,1.7899,1.8324,2.274,-2.0719,1.8781,1.0013,2.2587,1.286,2.8753,0.20163,1.3984,2.0377,2.5987,-1.8975,1.1431,1.6047,1.526,1.6692,1.8135,2.1822,2.3459,2.4882,2.6235,1.037,2.5042,2.8842,-2.5813,-0.18561,-1.3852,1.6252,1.0644,1.5285,2.9189,0.66186,1.9739,-3.035,2.1888,2.7983,3.0494,-0.46352,1.5744,2.1253,2.7638,-1.999,0.32632,1.8622,-2.9744,-0.5956,2.594,-1.3827,1.7273,2.4132,2.9744,-1.3939,-2.907,0.26405,-0.61176,0.45153,0.73761,2.0684,-2.5407,-2.4225,-1.0242,1.4935,-3.1328,-2.6175,-2.9033,-2.0328,0.62106,-1.7455,0.61724,2.6363,2.1865,-2.0025,0.273,2.176,3.104,2.7293,3.0027,2.9484,-2.8465,-1.5743,3.1416,1.5743,2.8465,-2.9484,-3.0027,-2.7293,-3.104,-2.176,-0.273,2.0025,-2.1865,-2.6363,-0.61724,1.7455,-0.62106,2.0328,2.9033,2.6175,3.1328,-1.4935,1.0242,2.4225,2.5407,-2.0684,-0.73761,-0.45153,0.61176,-0.26405,2.907,1.3939,-2.9744,-2.4132,-1.7273,1.3827,-2.594,0.5956,2.9744,-1.8622,-0.32632,1.999,-2.7638,-2.1253,-1.5744,0.46352,-3.0494,-2.7983,-2.1888,3.035,-1.9739,-0.66186,-2.9189,-1.5285,-1.0644,-1.6252,1.3852,0.18561,2.5813,-2.8842,-2.5042,-1.037,-2.6235,-2.4882,-2.3459,-2.1822,-1.8135,-1.6692,-1.526,-1.6047,-1.1431,1.8975,-2.5987,-2.0377,-1.3984,-0.20163,-2.8753,-1.286,-2.2587,-1.0013,-1.8781,2.0719,-2.274,-1.8324,-1.7899,-1.0143,1.1001,-0.081807,1.8244,-2.3028,-0.51239,1.5556,2.0031,1.8731,0.32859,1.9821,-2.6285,-2.9563,1.5267,2.0372,-2.7916,2.1755,-2.7187,-1.983,-2.181,-1.7239,0.44985,1.5077,-1.0105,-2.0855,0.025235,2.1352,2.7737,2.2784,-1.612,-2.8686,-0.69832,1.5049,2.7662,-2.5915,-0.6379,2.2825,-1.2994,-3.1344,-2.0853,0.67419,-2.5339,-2.7164,-1.6994,-2.1223
0,2.056,2.3518,0.45641,2.6931,1.8831,-1.2632,1.0504,-1.7173,0.58095,-2.9154,1.8253,1.3151,1.2026,-2.4587,-0.21662,-0.67313,0.57349,1.8321,-0.27005,1.9034,-2.9098,2.2408,2.3356,2.624,-0.86476,1.4472,2.8171,1.6091,2.3569,-2.5877,-0.89303,-0.84264,-0.86396,-1.1679,0.5449,2.0574,2.7646,3.1215,1.9271,-1.7419,0.33394,-2.1122,-2.5527,-1.7728,0.47401,1.5841,1.331,0.11161,-0.67175,1.6118,-2.6371,-0.086248,0.28419,1.2646,-2.8061,-1.3288,-1.908,-0.94595,-1.9244,0.31606,2.4055,0.41786,1.4498,1.5591,2.7925,3.0152,-1.642,-0.59135,3.1284,-1.5295,-0.62561,1.3548,0.67399,-3.1146,0.80855,-2.9006,-1.1842,0.81771,-1.2546,-0.76169,1.4078,-2.1194,2.6794,-1.9375,-0.45097,1.7422,-3.0261,-0.65986,2.4558,0.23064,0.38121,3.0347,-0.99479,1.3583,3.0062,-1.2803,1.028,-2.8564,-1.0936,-0.93621,0.94514,3.1003,1.9818,1.3447,-2.6126,-0.0012286,-2.7086,-1.9553,-0.17127,0.088314,1.3968,0.5772,-0.25682,2.2307,-1.7804,2.5544,-1.3988,1.2008,-2.9757,0.7127,-0.8995,1.8643,-2.5346,-0.37585,1.7084,-2.5261,-1.5246,0,1.5246,2.5261,-1.7084,0.37585,2.5346,-1.8643,0.8995,-0.7127,2.9757,-1.2008,1.3988,-2.5544,1.7804,-2.2307,0.25682,-0.5772,-1.3968,-0.088314,0.17127,1.9553,2.7086,0.0012286,2.6126,-1.3447,-1.9818,-3.1003,-0.94514,0.93621,1.0936,2.8564,-1.028,1.2803,-3.0062,-1.3583,0.99479,-3.0347,-0.38121,-0.23064,-2.4558,0.65986,3.0261,-1.7422,0.45097,1.9375,-2.6794,2.1194,-1.4078,0.76169,1.2546,-0.81771,1.1842,2.9006,-0.80855,3.1146,-0.67399,-1.3548,0.62561,1.5295,-3.1284,0.59135,1.642,-3.0152,-2.7925,-1.5591,-1.4498,-0.41786,-2.4055,-0.31606,1.9244,0.94595,1.908,1.3288,2.8061,-1.2646,-0.28419,0.086248,2.6371,-1.6118,0.67175,-0.11161,-1.331,-1.5841,-0.47401,1.7728,2.5527,2.1122,-0.33394,1.7419,-1.9271,-3.1215,-2.7646,-2.0574,-0.5449,1.1679,0.86396,0.84264,0.89303,2.5877,-2.3569,-1.6091,-2.8171,-1.4472,0.86476,-2.624,-2.3356,-2.2408,2.9098,-1.9034,0.27005,-1.8321,-0.57349,0.67313,0.21662,2.4587,-1.2026,-1.3151,-1.8253,2.9154,-0.58095,1.7173,-1.0504,1.2632,-1.8831,-2.6931,-0.45641,-2.3518,-2.056
0,1.8024,1.1311,0.8938,0.82206,0.65686,2.5033,2.1107,2.3199,-2.6824,0.59659,2.0317,1.6418,2.4763,0.97288,1.2214,2.1124,1.782,2.6766,1.2853,-2.7503,-0.87855,1.5691,1.2071,1.0102,3.0144,2.9361,-0.92088,2.2906,2.1931,-2.1275,-0.022156,0.87164,2.9209,0.8177,-2.9623,-0.29841,-1.3766,3.0656,-1.1261,2.1472,-2.6668,-2.0012,-2.411,-2.4378,-0.13634,0.45143,1.0981,1.092,1.4068,-1.1521,1.5574,-3.0665,-3.1201,-1.9588,0.42641,-1.1612,-2.3654,-1.661,-1.4243,0.2779,0.34618,0.40433,-0.32843,1.1161,0.058962,2.5072,-0.064899,0.93366,2.4633,-2.0272,0.74022,-2.4273,-0.81895,0.90772,-3.0663,-0.43062,-0.55969,0.0054325,0.86033,2.9873,-0.19648,-0.2415,0.76382,1.3036,-0.0095686,2.566,2.9385,3.1235,-0.4333,1.7882,-1.5734,1.4141,-2.7956,1.2808,0.77804,-1.7742,2.0919,-2.869,-0.76502,-1.3204,-3.0235,-0.91183,0.077453,1.8326,-1.3428,2.3938,-2.8932,3.1084,-0.58151,3.0486,-2.809,-2.8968,-2.7547,-1.3723,0.38432,-1.0864,-0.704,-1.1286,0.22258,-0.21195,0.72104,1.5395,-1.5794,-0.27504,0.61772,-1.6078,0.84427,0,-0.84427,1.6078,-0.61772,0.27504,1.5794,-1.5395,-0.72104,0.21195,-0.22258,1.1286,0.704,1.0864,-0.38432,1.3723,2.7547,2.8968,2.809,-3.0486,0.58151,-3.1084,2.8932,-2.3938,1.3428,-1.8326,-0.077453,0.91183,3.0235,1.3204,0.76502,2.869,-2.0919,1.7742,-0.77804,-1.2808,2.7956,-1.4141,1.5734,-1.7882,0.4333,-3.1235,-2.9385,-2.566,0.0095686,-1.3036,-0.76382,0.2415,0.19648,-2.9873,-0.86033,-0.0054325,0.55969,0.43062,3.0663,-0.90772,0.81895,2.4273,-0.74022,2.0272,-2.4633,-0.93366,0.064899,-2.5072,-0.058962,-1.1161,0.32843,-0.40433,-0.34618,-0.2779,1.4243,1.661,2.3654,1.1612,-0.42641,1.9588,3.1201,3.0665,-1.5574,1.1521,-1.4068,-1.092,-1.0981,-0.45143,0.13634,2.4378,2.411,2.0012,2.6668,-2.1472,1.1261,-3.0656,1.3766,0.29841,2.9623,-0.8177,-2.9209,-0.87164,0.022156,2.1275,-2.1931,-2.2906,0.92088,-2.9361,-3.0144,-1.0102,-1.2071,-1.5691,0.87855,2.7503,-1.2853,-2.6766,-1.782,-2.1124,-1.2214,-0.97288,-2.4763,-1.6418,-2.0317,-0.59659,2.6824,-2.3199,-2.1107,-2.5033,-0.65686,-0.82206,-0.8938,-1.1311,-1.8024
