0.67175,0.017664,1.5021,1.5242,1.1771,0.68874,0.7255,1.0274,0.9605,1.0593,1.1581,1.2714,0.87926,0.76008,1.2874,1.687,1.8944,1.7313,1.0328,1.048,0.30107,0.8133,0.53531,0.74282,0.4192,0.75207,0.66815,-0.023348,0.03933,0.17591,0.24029,0.37758,0.25714,0.2418,0.085971,0.44328,0.95173,0.7685,0.082374,0.30055,0.65557,0.81279,0.64398,0.11227,0.29473,0.53298,0.2632,-0.14158,-0.18724,-0.31493,-0.082992,0.27591,0.42354,0.53624,0.1906,0.87915,0.60846,0.076522,-0.82861,-0.20082,0.098166,0.093498,-0.46157,-0.34587,-0.70801,-0.50628,-0.51284,-0.35619,-0.063736,0.3364,0.03671,0.13462,0.014876,-0.47609,-0.40281
1.562,1.8092,1.9007,1.9227,2.1232,1.2472,1.2862,1.8088,1.9812,1.6199,0.85655,0.89115,1.8782,1.5722,1.8481,2.0321,1.9587,1.0422,1.4784,1.2943,1.1671,1.5493,1.5088,1.403,0.52892,0.69756,0.72258,-0.012823,0.074462,0.64313,1.0085,1.0724,0.84668,0.73237,0.088189,0.93587,1.2737,1.5558,1.0638,1.0208,0.29325,1.0238,1.1442,0.46863,0.64103,0.64583,0.93291,0.77152,0.78381,0.66698,0.57063,0.96328,1.7014,1.5662,1.0157,0.58136,0.7442,1.0252,0.78308,0.41595,0.89582,0.81494,0.42449,0.50303,0.11612,-0.26638,0.22634,0.20644,-0.083374,0.5135,0.47785,0.32432,0.3406,0.26057,-0.21268
1.9301,2.5369,0.34847,0.37055,2.1181,1.0366,1.0086,1.5777,1.1389,1.7819,1.9591,1.59,2.1883,2.4931,2.4039,2.0769,2.0113,2.6125,2.7021,2.1623,2.0974,2.181,2.1718,1.4525,0.55523,1.2901,1.5034,1.6552,1.4005,1.0581,1.5497,1.0846,0.06005,0.55152,0.88162,1.0225,1.9146,1.6595,0.56753,1.5307,1.3155,0.88878,1.3371,1.3038,1.3295,1.1742,1.727,1.322,0.67637,1.1234,1.1439,0.57046,1.6269,1.5904,1.2357,1.6542,1.2203,1.0464,1.0163,0.65539,0.93035,0.65471,0.53715,0.27488,0.55373,0.54504,0.59106,0.62262,0.27518,1.0989,0.76575,0.28544,1.0143,0.82815,0.45969
2.2031,2.2032,1.6785,1.7005,2.5611,2.3999,2.4061,2.356,1.0665,1.8929,2.2354,2.724,3.3434,3.4753,3.4226,3.4025,3.5029,3.3285,3.4205,3.0779,3.0368,2.8712,2.6575,1.5629,1.9183,2.4643,2.3268,1.6722,1.1367,0.85065,1.1791,1.9608,1.9038,1.604,2.1611,1.6872,1.4758,1.0532,0.99797,1.7725,0.94401,1.2511,2.0483,1.6352,1.275,1.5974,1.2473,1.2844,1.1041,1.3333,1.392,1.3859,1.834,1.7702,1.7529,2.068,2.1006,1.9703,0.99752,0.93913,1.1074,0.82965,1.0055,0.87414,1.2478,0.41649,0.9416,1.0783,1.4904,1.5644,1.0544,0.55242,1.0732,1.3299,0.94661
1.609,2.1005,1.0718,1.0939,2.165,1.1043,1.8525,2.8143,2.6032,2.4148,2.4894,3.1444,3.8131,3.2629,2.6283,2.8147,3.198,2.8381,2.881,3.2501,2.7305,2.9111,2.1074,1.8797,2.3032,2.0615,1.9979,1.9025,1.73,1.0674,1.0842,2.1334,2.2762,1.8956,1.9092,1.8807,1.7852,1.4677,1.6179,2.2371,2.0003,1.8748,1.2588,1.4222,2.2288,2.1896,1.8869,1.941,1.6833,1.5488,1.3939,1.8162,2.603,2.3637,2.0917,2.0415,1.8706,1.6953,1.6282,1.2971,1.7892,1.3275,0.94379,0.81969,1.0898,1.4998,1.4748,1.2476,1.41,1.7189,1.7133,0.84478,1.1577,0.81463,1.2951
2.2974,1.0504,1.9679,1.99,2.0734,1.5519,1.6319,2.0872,2.3706,2.0859,1.7158,1.7,3.4118,3.153,3.3407,3.6097,3.719,3.1322,3.2746,3.681,3.0585,2.8983,2.9515,3.024,2.6792,2.2197,2.4822,2.4175,2.0482,1.947,1.6137,2.2364,2.3878,2.5322,2.4415,1.9145,2.1148,2.1496,1.7207,1.9438,1.7417,1.7738,1.8064,1.664,1.9289,1.7313,1.9135,1.9269,1.6235,1.6838,2.0587,2.119,2.8011,2.1176,1.7026,1.7764,1.6561,1.9522,1.843,1.9011,1.3365,0.89165,0.93681,1.193,1.5697,1.3484,1.5086,1.2242,1.3314,1.6727,1.9813,1.6592,1.1353,1.1937,1.3572
2.1878,1.6812,0.90322,0.92529,2.0799,1.0411,0.93178,1.2083,1.4569,1.2807,1.2915,1.8344,2.5979,2.4702,2.485,2.5961,2.8033,3.059,3.184,3.054,3.0099,3.4482,3.3014,2.2882,2.391,1.9156,2.4784,2.9573,2.6996,2.0368,1.8104,1.7444,2.1075,2.3994,2.0582,1.6925,1.7398,1.6834,1.6651,1.2458,0.96303,1.5418,1.5223,1.5555,1.8698,1.699,1.3853,0.87001,1.28,1.3091,1.5636,1.8011,2.076,2.2127,1.8485,1.3979,1.5447,1.7159,2.0294,1.6411,1.4766,1.1706,1.6244,1.7019,1.0316,1.2678,1.2503,1.2467,1.6274,1.8324,1.982,1.9507,1.3985,1.4533,1.1749
2.3798,2.0301,1.8521,1.8741,1.1509,1.211,1.3224,1.7651,1.6073,1.3316,1.1659,1.7476,1.7566,1.5987,1.6363,1.8099,1.9589,1.8631,2.1999,2.5115,2.0305,2.1569,2.808,2.0114,2.4,1.922,1.9565,1.7802,1.8194,1.6875,2.2421,1.9242,1.5002,1.4753,1.4702,1.6061,1.6503,1.5453,1.5865,2.0973,1.6978,1.3643,1.0084,0.78029,1.7021,2.1557,1.5391,0.86141,0.72744,1.2734,1.1562,1.4656,1.7556,1.4738,1.6684,1.7962,1.9376,1.2539,1.1888,1.1456,1.5235,1.5944,1.7381,1.2742,1.1199,1.6977,1.7142,1.3649,1.6216,1.6962,1.9255,1.8093,1.8199,1.5583,1.8499
2.154,1.3756,1.733,1.755,1.1312,1.2719,1.3031,1.3841,1.1767,0.91586,0.90575,1.6166,1.7339,1.1982,1.5182,1.6886,1.4745,1.2903,2.1457,1.8184,2.197,2.4368,1.7035,2.0841,1.9841,1.1215,1.4933,1.3688,1.4053,1.5352,1.6428,1.3565,1.3891,1.8776,1.8016,1.4816,2.1371,1.8346,1.3436,2.1079,1.4741,1.4276,1.1829,1.8384,2.2104,1.563,1.3367,1.7021,1.6859,1.8858,1.3074,1.8042,1.7452,1.1906,2.0459,2.2216,1.6721,1.4594,1.7294,1.893,1.8454,1.6081,1.9013,1.9055,1.3715,1.4761,1.3715,1.9245,2.1414,1.8696,1.6348,1.8074,1.6111,0.87185,1.8478
2.1899,2.256,2.1754,2.1975,2.4274,1.8182,1.7937,1.8264,1.3041,1.0057,0.76814,1.3508,1.1764,1.6081,1.6589,1.5213,1.011,0.27931,0.94916,0.69898,1.9679,0.86055,1.7188,1.0391,1.8631,0.77899,0.93113,0.81111,1.1555,1.4965,1.2811,1.1669,1.2388,1.2969,0.82567,1.3911,1.956,1.3692,1.0113,1.5111,1.3799,1.6466,0.31666,1.5044,1.8956,1.8318,1.3863,1.4669,1.7449,1.7134,1.2071,1.4217,2.0704,1.5316,1.4598,1.8052,2.0265,2.4025,2.1403,1.7627,1.4496,0.91672,1.4021,1.148,1.416,1.226,1.1866,1.3772,1.4146,1.8392,1.6686,1.7418,1.8038,1.3473,1.4306
3.1036,2.5113,2.0572,2.0793,1.7388,1.6564,1.6734,1.6946,1.6423,1.5249,1.4094,-0.32778,0.98797,1.2176,1.0077,0.96179,1.3601,1.3943,1.451,1.5532,0.86613,1.6025,1.5242,1.6118,2.0175,1.3894,1.1489,1.4409,1.0209,1.3501,1.617,1.6789,1.7038,1.1342,1.2288,1.6257,1.9073,1.4333,1.266,1.9798,2.149,2.5484,2.147,1.8205,1.646,2.2169,1.8508,1.9015,2.0042,1.9062,2.0465,2.3946,2.1651,2.082,1.8138,1.7774,1.6049,1.9846,2.1285,1.9277,1.6218,1.3311,1.8788,1.5007,1.3238,0.95716,1.3167,1.1178,2.0007,2.0353,1.7757,1.6559,1.9564,1.829,1.6665
3.2782,4.1631,3.2876,3.3096,3.1677,2.9018,2.8682,1.9597,2.434,2.3696,2.3074,1.284,2.6392,2.5607,2.323,1.7504,1.2917,1.7635,1.9854,2.1998,0.75478,2.3325,1.2085,2.5926,2.6529,2.5994,2.3728,2.4416,2.5362,2.3543,2.3939,2.0784,2.3026,2.5473,1.9048,1.8062,1.6658,2.0443,1.7303,1.7306,2.5141,2.2515,2.5434,2.3691,2.5145,2.1946,1.9807,1.986,1.8893,1.9801,2.28,3.0298,2.7638,2.2809,2.3107,2.1751,2.0368,2.1138,2.0436,1.8876,1.9953,2.0674,2.4496,1.9842,2.2946,2.3643,1.976,2.1155,1.9023,2.2956,2.3904,2.1859,2.1083,1.925,1.6847
3.7877,4.8758,4.8282,4.8502,5.3927,5.158,5.1974,5.4174,5.196,5.1028,5.0565,5.0328,4.8229,4.6734,4.5984,4.527,4.4291,4.1657,3.8267,3.7217,2.8364,3.0757,2.3178,2.7148,2.1235,1.4713,1.6872,2.2505,2.516,2.2989,2.2051,2.5477,2.1215,2.1687,2.4924,2.4408,2.4467,2.4146,2.2949,2.1903,2.1306,2.1002,2.389,2.5303,2.2083,2.0645,2.0093,1.702,1.6619,2.1466,2.5032,2.6701,2.1868,2.224,2.2776,2.0495,1.999,1.7228,1.9011,2.0397,1.832,1.9655,2.034,1.8323,1.9806,1.9698,1.7965,1.8165,1.8705,2.2501,2.295,2.0015,1.9244,1.8503,1.9025
4.4252,5.034,4.1461,4.1681,6.2584,6.5344,6.5494,6.451,4.1165,5.1339,5.3278,4.7665,5.6091,5.0636,5.8868,6.4006,6.6957,6.7511,6.388,5.5663,4.8351,4.7418,4.864,5.1749,5.7499,5.6204,4.9651,4.3637,4.5189,4.5268,4.4451,4.3413,4.2908,4.1745,3.6528,3.743,3.994,4.5673,4.2557,3.8849,4.0076,3.7439,4.0742,4.4736,3.9246,4.23,4.5287,4.8827,4.5054,4.6599,4.8337,4.7511,4.5175,3.5349,3.1285,3.454,3.4131,3.5358,3.5844,3.0925,2.8755,2.9692,3.4294,3.3748,3.4609,3.142,3.0067,3.545,4.4706,4.2353,4.0932,3.8069,3.5808,3.115,3.113
3.581,4.0808,4.4579,4.4799,6.2133,6.6418,6.6275,5.5608,4.9876,4.9072,4.8937,5.0238,4.8161,5.1252,6.025,6.5224,6.7207,5.5611,4.6354,4.2859,5.2523,4.9219,5.7132,6.4485,6.8328,6.0912,5.3604,4.877,4.4366,3.918,5.1469,5.1968,4.728,4.4484,4.4862,4.5922,5.1557,4.9599,4.3204,4.2759,4.3726,4.9049,4.6365,3.9125,4.3884,4.9369,5.3959,4.9805,4.0793,4.7185,5.8476,5.8453,4.6038,3.9251,3.9011,4.0367,3.5885,3.9641,4.5823,3.9222,3.8381,4.165,3.8349,4.0754,4.1652,3.8945,4.2769,4.5517,4.2628,4.7295,4.669,3.373,4.0887,3.2501,3.5507
4.4388,4.9864,4.9997,5.0218,6.3969,6.4984,6.4768,5.1765,4.1583,3.8292,3.2802,3.2534,3.9669,4.4523,5.853,6.1263,6.0544,4.583,4.5083,4.4093,4.4849,4.6986,5.5724,6.8493,7.0253,5.4382,5.1627,4.8658,4.9171,5.4804,6.1451,5.7071,3.8373,3.7175,3.3979,4.5799,5.3405,4.8509,3.6246,3.389,3.73,4.7405,4.3917,3.727,3.9449,5.2672,5.6977,4.913,4.598,5.3651,6.2274,5.4856,4.3322,4.7694,5.2221,4.1925,3.1477,4.4702,4.3626,3.1735,3.7392,3.6326,2.5604,3.9109,4.0713,3.1102,4.7702,4.7003,4.4402,5.5024,4.7551,4.1597,4.2281,3.7165,4.3785
3.8887,4.5168,4.7932,4.8153,6.3187,6.5004,6.4821,5.4043,4.7143,4.5562,4.4546,4.5601,4.465,4.7599,5.7587,5.9916,5.8661,4.6657,4.6497,4.573,4.6517,4.9021,5.4156,6.8071,6.3088,4.6047,4.6484,4.102,4.6953,5.6392,6.5279,5.9822,4.8137,4.73,4.6139,4.9789,5.0968,4.3767,3.3544,3.7129,3.7372,4.9625,4.7145,4.238,4.4796,5.4857,5.8188,4.524,4.516,5.4597,6.2493,5.3615,3.829,4.7177,5.3634,4.3516,4.2556,5.0045,4.5824,3.6436,4.3894,4.4391,3.0215,3.923,4.1124,3.7824,4.8887,4.7574,4.3287,5.468,4.7238,4.3566,4.5395,3.8184,4.4408
3.9489,4.4962,4.7296,4.7517,6.3594,6.4929,6.4725,5.2584,4.7464,4.6192,4.5555,4.6644,4.6314,4.8381,5.8602,6.0179,5.6198,3.8314,3.5289,4.004,4.1161,4.687,5.5058,6.6162,5.9044,4.7309,4.4598,4.6137,5.0894,6.077,6.7194,6.0211,4.6859,4.3676,4.0539,4.4219,4.9524,4.3315,3.4886,3.0729,4.318,5.194,4.2446,3.3459,3.7602,5.5819,5.8205,4.3629,4.04,5.6707,6.2178,5.2393,4.5799,5.1021,5.3505,4.5086,4.2912,4.967,4.6727,4.1633,4.8008,4.7528,4.0407,3.9824,3.8088,3.7769,4.8019,4.613,4.7246,5.3083,4.2099,4.485,4.2215,3.9608,4.3546
3.8951,4.5406,4.7983,4.8204,6.4035,6.4294,6.4062,5.2023,4.5815,4.398,4.2419,4.198,4.1227,4.5711,5.6354,5.8361,5.6158,4.5578,4.5537,4.3695,4.2805,4.5872,5.6768,6.4373,5.4873,4.6748,4.6269,4.7699,4.6254,6.0038,6.7732,6.1717,5.2399,4.4162,4.3023,5.1123,5.0524,4.379,3.7669,3.8295,4.7001,5.4565,4.645,4.3084,4.2157,5.7157,5.7964,4.7672,4.7556,5.9781,6.2017,5.1106,4.6409,5.4236,5.3923,3.6234,4.3924,5.1941,4.5435,3.9302,5.1257,4.7923,3.5645,4.7476,4.3084,3.231,4.5278,4.0524,4.8149,5.2952,4.0759,4.5116,4.0363,3.7531,4.0771
4.0317,4.6819,4.812,4.8341,6.4667,6.4277,6.4033,5.3318,4.7304,4.6249,4.5632,4.509,4.4334,4.5631,5.6741,5.8011,5.1479,3.9427,3.9311,3.7711,4.0571,4.5385,5.4548,6.2767,5.1647,4.1321,3.3905,3.858,4.4291,5.4034,6.1843,5.546,4.737,4.3453,3.9592,5.4702,5.7265,4.943,4.3375,4.1204,5.0954,5.7399,4.5513,4.3882,4.5893,5.8363,5.6891,3.8983,4.2221,6.0017,6.1632,4.6965,4.3271,5.4555,5.4009,4.1764,4.5539,5.2391,4.3693,3.9864,5.2057,4.682,3.6422,4.9691,4.4895,3.3706,4.1023,2.9949,4.8427,5.2739,3.7904,4.4818,3.9262,3.7402,3.9298
4.4107,4.9854,4.9815,5.0036,6.5175,6.4444,6.4178,5.222,4.3658,4.1003,3.7733,3.6363,3.2315,4.0846,5.4759,5.6605,5.3397,4.3085,3.962,3.9131,3.9453,4.1195,5.437,6.1798,5.3375,4.5234,4.219,4.2322,4.3799,5.4354,5.5279,4.6695,3.7763,4.2102,4.2289,5.5385,5.6639,4.7384,3.7306,3.8193,5.03,5.6008,4.4233,3.9236,4.0327,5.5789,5.5244,4.5382,4.4135,5.9142,6.044,4.6184,4.2084,5.3486,5.2629,3.8138,4.3942,5.0295,4.1599,3.81,5.0052,4.4751,3.4853,4.981,4.5524,3.4505,3.9793,3.2191,4.5221,4.9004,3.3086,4.4679,3.9783,3.6444,3.7608
4.1876,4.8175,4.8593,4.8814,6.4941,6.4871,6.4638,5.4039,4.7762,4.6424,4.5411,4.3866,4.382,4.5457,5.5582,5.7099,5.2837,4.1009,3.7492,3.6468,3.7343,4.1951,5.39,6.2565,5.4269,4.4725,4.3588,4.2896,3.7594,5.1479,5.4496,4.6674,3.8781,3.2927,4.3255,5.4589,5.5872,4.5989,3.8145,3.574,4.8974,5.6138,4.5325,4.1817,3.9318,5.516,5.5334,4.3619,4.2188,5.8023,6.0436,4.8811,4.1336,5.2246,5.2825,4.1016,4.3045,4.9945,4.1868,3.3141,4.9387,4.5569,3.4952,4.8122,4.5589,3.4704,4.1085,3.4497,4.2137,4.6424,3.625,4.3462,4.0859,3.5858,3.9682
4.0081,4.7051,4.8604,4.8825,6.4742,6.5295,6.5077,5.3948,4.6846,4.5044,4.3355,4.0786,3.5753,3.9432,5.5075,5.7231,5.5005,4.257,3.9168,3.8526,2.5709,3.6776,5.1211,6.3079,5.6332,4.569,4.3025,4.4265,4.3089,4.7058,5.1942,4.6227,4.2487,4.3969,4.4535,5.2213,5.4231,4.6854,3.8576,4.3084,4.7954,5.4775,4.5861,3.9943,4.4223,5.3116,5.4838,4.3513,4.4494,5.629,6.0381,4.9212,4.3928,5.0168,5.1335,3.1246,3.8941,4.9901,4.4217,3.1127,4.6925,4.5562,3.6021,4.6747,4.6183,3.6794,3.8149,3.398,4.0809,4.7942,3.8603,4.2782,3.9894,3.3966,3.9649
3.802,4.5021,4.7413,4.7634,6.4779,6.5266,6.5049,5.4232,4.8352,4.6823,4.5768,4.6074,4.5382,4.6609,5.4307,5.6067,5.371,4.572,4.4005,4.3818,4.4601,4.7067,5.5258,6.3279,5.36,4.1236,3.8192,3.6977,3.8766,4.9187,5.124,4.3175,3.4541,3.14,3.5478,5.0632,5.2935,4.5217,3.6526,4.0517,4.7991,5.4393,4.1993,3.6802,3.744,5.3912,5.5239,4.1181,4.412,5.6904,5.9196,4.6337,3.4745,4.9795,5.086,3.5943,4.1662,4.8486,4.0215,3.1754,4.7367,4.4374,3.433,4.5887,4.2228,2.7864,3.7025,3.3002,3.9874,4.4448,3.228,4.1468,3.837,3.1494,3.6111
3.911,4.588,4.7692,4.7913,6.4989,6.5145,6.4915,5.3685,4.8111,4.6838,4.6013,4.5691,4.5992,4.603,5.6512,5.7837,5.2002,4.0571,4.1037,4.1531,4.4189,4.686,5.6676,6.3186,5.2397,4.1598,2.7189,2.805,3.0776,4.8824,5.1141,4.2295,3.2291,3.3496,3.8086,5.0416,5.1288,4.0226,3.388,3.6844,4.7935,5.3701,3.4883,3.6533,4.0969,5.3785,5.2228,3.6378,3.7674,5.604,5.7606,4.4399,4.0747,4.9392,4.8889,3.5261,3.8791,4.6409,3.7969,3.1628,4.6335,4.1143,2.996,4.4001,3.9742,2.5239,3.5334,2.748,3.7678,4.1821,3.1317,4.0603,3.5231,3.1991,3.472
4.1539,4.761,4.901,4.9231,6.505,6.4939,6.4697,5.3107,4.6656,4.4699,4.282,4.0935,3.9109,4.1643,5.3682,5.5851,5.4017,4.6525,4.3898,4.409,4.4934,4.7238,5.7076,6.2752,5.2984,4.471,3.9583,3.8681,3.608,4.8131,4.9662,4.027,2.3614,3.0741,3.2756,4.721,4.866,4.0537,3.5964,3.7506,4.5318,5.0912,3.9451,3.4987,3.6768,5.1167,5.0114,3.4133,3.8078,5.4963,5.7129,4.6502,3.9417,4.7939,4.6612,3.3542,3.5811,4.4526,3.976,3.4995,4.4229,3.9085,2.9644,4.2112,3.7057,2.8132,2.9861,3.0137,3.6235,3.9369,3.1206,3.9917,3.7233,3.3983,3.3523
4.1925,4.7177,4.7951,4.8172,6.375,6.512,6.4936,5.5214,4.8174,4.5912,4.3872,4.5295,4.449,4.3938,5.441,5.6699,5.521,4.3298,3.4754,3.4549,3.6596,4.0633,5.2648,6.3148,5.5723,4.6488,4.1758,3.6895,3.7616,3.6851,4.8739,4.2101,3.0802,3.3809,2.9487,4.4203,4.7828,4.1112,2.9569,2.463,3.6964,4.7292,4.4422,3.5104,3.5082,4.5617,5.078,4.0995,3.6277,4.8693,5.7269,5.0828,3.8889,4.2137,4.4461,3.6909,3.0593,4.2748,4.0592,2.5872,3.8651,3.9446,2.8945,3.4252,3.2362,2.255,2.545,2.6032,2.7997,4.2491,3.7765,3.2194,3.414,2.7064,2.9177
3.7569,4.4276,4.6621,4.6841,6.2252,6.515,6.4986,5.4122,4.6677,4.4413,4.2172,4.2223,4.0287,3.9204,5.3343,5.6829,5.7267,4.2201,3.995,3.7425,3.7643,3.6166,4.2486,6.0168,5.7009,4.0654,4.0848,3.8231,3.7445,3.5609,4.3595,4.3406,3.7249,3.6463,3.7604,3.5555,4.3061,4.2236,3.5078,3.2729,2.9926,4.3062,4.424,3.5076,3.5956,3.5771,4.7716,4.517,4.0781,3.9251,5.499,5.13,3.7874,3.6813,3.9323,3.6977,3.6815,3.8413,3.779,3.3111,3.6817,3.9462,3.134,3.2327,3.2061,3.1999,3.2132,3.2418,3.3415,3.8952,3.8501,3.1483,3.6634,3.1685,3.2772
3.6477,4.3253,4.5449,4.567,6.2041,6.4406,6.4231,5.3119,4.6173,4.431,4.2467,3.8726,3.8294,4.2118,5.211,5.4963,5.4752,4.2575,4.1108,3.8827,3.706,3.5444,3.4328,5.5223,4.8195,2.3947,2.5831,2.7595,2.9069,2.502,4.2902,3.8559,3.1659,3.0941,3.1851,3.3957,3.704,3.4276,2.7996,3.246,3.1241,4.1246,3.7323,2.8114,3.0437,3.54,4.382,3.9123,3.8835,3.8469,5.2923,4.6185,3.4783,2.9886,3.5878,3.1054,3.0094,3.2371,3.2096,2.7524,2.7105,3.3557,2.8179,2.9098,2.7481,2.6464,2.7232,2.8839,2.7733,3.2706,3.158,2.696,2.8914,2.6941,2.7872
4.0251,4.6968,4.5948,4.6169,6.266,6.3117,6.2891,5.1003,4.6185,4.4708,4.331,3.7136,4.263,3.6551,5.0806,5.1978,4.2123,4.2017,2.0674,2.5649,2.7787,2.5308,2.3966,4.2664,3.8299,2.0143,2.4892,2.3367,2.3065,2.9148,3.9461,3.3417,2.7166,2.289,2.3632,2.3175,3.1258,2.7132,2.2553,2.1262,2.21,3.0516,2.7109,2.2412,2.389,3.1046,3.5473,3.0411,3.1659,3.1399,4.378,3.6791,3.1891,2.5536,3.277,2.3609,2.2815,2.4595,2.53,2.1692,2.2932,2.5952,1.9713,1.5543,2.1348,2.0344,1.9648,2.4468,1.8889,2.8203,2.889,2.2433,2.356,2.145,2.3531
4.1611,4.7558,4.775,4.797,6.2202,6.3897,6.3726,5.4564,4.4765,4.2528,4.0118,3.7686,3.3895,3.3945,4.5966,4.9595,5.0351,4.1168,3.8137,3.6445,3.3569,3.3192,3.3721,3.0337,3.2115,3.0148,3.0046,3.0224,3.0304,3.3142,3.7623,3.3632,2.7185,2.7239,2.699,2.619,2.3057,2.3597,2.4584,2.4948,2.605,2.7377,1.9488,2.2932,2.3595,3.1056,3.2755,2.5081,2.7421,2.962,4.1001,3.4816,2.5005,2.3394,2.9035,2.3728,1.8827,1.9788,2.3071,2.1896,2.1811,2.8003,2.1307,2.2093,2.2833,2.106,2.3784,2.3074,1.9305,3.0803,2.89,1.9483,2.347,2.1695,2.3308
3.7492,4.4213,4.5653,4.5874,6.2218,6.4076,6.3892,5.2962,4.6719,4.503,4.3811,4.4458,4.4016,4.3737,4.9825,5.1006,4.6609,2.6756,2.8881,2.8359,2.989,3.0256,3.0695,2.6271,3.2163,3.0245,2.9949,3.1185,3.1196,3.4701,3.7353,3.0744,2.6193,2.5911,2.6618,2.6438,3.046,2.8122,2.6351,2.7716,2.7701,2.8012,2.5429,2.545,2.6704,2.9683,3.2345,2.5183,3.0798,2.9461,3.6934,3.0091,2.4964,2.3744,3.052,2.5948,2.5625,2.7831,2.3749,2.2942,2.6861,2.8789,2.41,2.6862,2.4713,2.2956,2.375,2.6074,2.4617,2.9304,2.4507,2.6735,2.5369,2.2593,2.3644
3.7185,4.3901,4.6299,4.652,6.299,6.3624,6.34,5.0971,4.5182,4.2842,4.0581,4.1607,3.6734,3.4329,4.9125,5.1085,4.8204,4.0051,3.9056,3.8359,3.729,3.6396,3.5903,3.6619,3.5559,3.5055,3.4731,3.4849,3.4694,3.8268,3.8907,3.3637,3.2288,3.232,3.2856,3.3085,3.1455,3.0723,3.0788,3.1948,3.2068,3.211,2.9567,2.9567,3.0152,2.8803,3.091,3.0966,2.9495,3.0637,3.1365,2.7201,2.7823,2.6943,2.79,2.8367,2.8354,2.7255,2.6726,2.6194,2.7117,2.927,2.7637,2.7491,2.8607,2.7263,2.7798,2.7972,2.6964,2.9542,2.9166,2.7938,2.7408,2.7105,2.6803
3.7157,4.4066,4.6158,4.6378,6.3506,6.2969,6.2712,5.1177,4.5509,4.4091,4.3057,4.231,4.2234,4.2095,4.7344,4.8423,4.4381,3.8196,3.5504,3.5194,3.4568,3.3821,3.4331,3.6677,3.3318,3.1592,3.1047,3.0823,2.9096,3.3807,3.8181,3.4061,3.0673,3.0662,3.1155,2.9736,2.9357,3.0227,2.9691,3.0308,3.1386,3.221,2.7621,2.8149,2.8524,2.9705,2.7981,2.9094,2.844,3.2301,3.0293,2.666,2.5269,2.9312,2.7637,2.7401,2.5924,2.615,2.6514,2.7191,2.6938,2.4316,2.4936,2.6307,2.6305,2.6286,2.5492,2.579,2.654,2.7686,2.674,2.8631,2.5417,2.5937,2.6352
3.9562,4.5589,4.7046,4.7266,6.3743,6.2472,6.218,4.9557,4.3878,4.2181,4.0787,4.0048,3.9425,3.7971,4.8965,5.0132,4.2161,3.5191,3.3409,3.3266,3.2797,3.1792,3.3752,3.5847,2.8732,2.9033,2.908,2.9011,3.0009,3.2898,3.2525,2.804,2.7098,2.6353,2.6322,2.537,2.6097,2.6044,2.4772,2.5198,2.6285,2.998,2.5457,2.5356,2.6009,2.5019,2.4655,2.553,2.6372,3.3333,2.8557,2.4305,2.3295,2.3215,2.2912,2.2603,2.2931,2.0741,2.0549,2.1268,2.4686,2.2448,2.1288,2.1769,2.1975,2.1767,2.2824,2.1793,2.3617,2.266,2.2051,2.5594,2.3597,2.299,2.3308
4.0157,4.6073,4.6872,4.7093,6.355,6.2103,6.1807,4.9956,4.4156,4.2012,3.9759,3.7046,3.6505,3.9292,4.5672,4.7049,4.3966,3.7484,3.55,3.3829,3.2853,3.2724,3.492,2.8861,2.895,2.9058,2.9789,2.9547,2.9313,3.6454,3.3483,2.2578,2.3566,2.4614,2.4018,2.501,2.5694,2.4877,2.3375,2.3331,2.1115,2.643,2.3567,2.2904,2.3245,2.2957,2.4258,2.465,2.5229,3.1284,2.7086,2.181,2.2374,2.5013,2.4289,2.2744,2.2518,2.0823,2.1911,2.2292,2.1475,2.0297,2.0359,2.3095,2.1882,2.0502,2.0886,2.1052,2.2912,2.0193,2.0744,2.1892,2.1324,2.2877,2.1569
4.0217,4.6323,4.6794,4.7015,6.3206,6.1824,6.1524,4.8601,4.313,4.1513,4.0079,3.7404,3.5856,3.8285,4.7753,4.8828,4.1113,3.0704,2.6976,2.5317,2.4767,2.5472,2.8652,2.893,1.9235,1.374,1.348,1.4416,1.7453,3.2335,3.3958,2.6615,2.0193,1.9075,1.6954,2.0254,2.0231,1.6029,1.5219,1.6722,2.2056,2.0224,0.60574,0.15824,0.31023,1.778,1.5426,1.0358,1.3337,2.8335,2.8525,2.1202,1.5087,2.4043,1.8498,0.74091,1.3101,1.573,0.17045,0.83711,1.8076,1.4206,0.89765,1.301,0.64486,0.81912,1.0986,0.53536,1.6841,1.6171,1.471,1.9194,0.92372,1.2523,0.9446
4.0205,4.5944,4.5825,4.6046,6.263,6.1023,6.0714,4.7842,4.2288,3.993,3.7273,3.4774,3.34,3.6042,4.48,4.6334,4.2741,3.4468,3.2889,3.0259,2.7944,2.7597,2.9129,2.0964,2.5943,2.4385,2.3593,2.3636,2.5023,3.2547,3.0852,2.1304,1.8847,1.7675,1.8463,1.8959,1.6531,1.4256,1.4283,1.4145,2.1352,2.3622,1.2486,1.2723,1.4995,1.9709,1.4352,1.4452,1.6176,2.7598,2.5568,1.8874,1.5841,2.1835,1.7688,0.85881,1.0971,1.3935,0.47952,1.2037,1.6699,0.8533,1.0694,1.3602,1.0726,1.0497,0.96513,0.46751,1.5295,1.4256,1.1644,1.9005,1.0518,1.1654,0.79382
3.7781,4.3745,4.4566,4.4787,6.1631,6.0669,6.0396,4.8867,4.367,4.2128,4.0801,3.8319,3.7868,3.7455,4.6284,4.7281,3.8413,2.6951,2.6405,2.5936,2.8565,2.7186,2.9066,1.8997,2.5415,2.519,2.5267,2.5202,2.3645,3.1597,3.2445,2.6519,2.316,2.2769,2.4081,2.3043,2.1669,2.1994,2.1049,2.2021,1.9303,2.5985,2.2649,2.1858,2.2351,2.1099,2.3767,2.2221,2.154,2.6175,2.3119,2.1266,2.0281,1.9594,1.8835,2.0652,2.0581,2.0966,1.8298,1.923,1.8747,1.8486,1.9212,2.0027,2.0304,1.9464,2.0282,1.902,1.9833,1.9672,2.0965,1.8524,1.8681,1.963,2.0628
3.6411,4.2293,4.4446,4.4667,6.0945,6.0509,6.0258,4.892,4.3162,4.0835,3.826,3.6043,3.6369,3.1904,4.1828,4.4459,4.3732,3.6781,3.5535,3.428,3.3685,3.2981,3.1913,3.1205,3.2373,3.1205,3.0346,2.9992,2.9103,2.5122,3.3376,3.1289,2.9273,2.8834,2.9381,2.8097,2.8259,2.8621,2.7549,2.7639,2.6335,2.8316,2.7181,2.6944,2.7327,2.6683,2.5827,2.6842,2.5912,2.7727,2.3366,2.4838,2.6035,2.5003,2.4556,2.5028,2.471,2.4539,2.4373,2.4724,2.4319,2.4232,2.4351,2.5558,2.4159,2.4179,2.4683,2.4112,2.4414,2.5163,2.4289,2.3847,2.4799,2.4877,2.3851
3.2206,3.9331,4.2803,4.3024,6.0461,6.0345,6.0107,4.913,4.4269,4.2852,4.1644,3.8534,3.8894,3.9631,4.381,4.413,3.5031,3.0975,3.0944,3.2648,3.0853,3.0434,2.8952,3.2744,3.1238,3.0467,2.9834,2.918,2.9332,2.9335,2.9046,2.9176,2.8232,2.7685,2.8059,2.7815,2.7953,2.7673,2.6328,2.6801,2.6008,2.6503,2.6145,2.5859,2.6255,2.6092,2.5816,2.4729,2.5369,2.6913,2.1949,2.3641,2.3667,2.5098,2.5427,2.4178,2.3758,2.3462,2.3782,2.383,2.4571,2.4264,2.3443,2.4071,2.292,2.3345,2.3964,2.3586,2.3464,2.2808,2.375,2.2764,2.4092,2.4283,2.4323
3.4902,4.1377,4.3433,4.3654,5.8656,6.0759,6.0592,5.103,4.1973,4.0849,3.9935,3.6209,3.4974,3.6253,4.0301,4.2161,4.1459,2.4055,2.5231,2.6898,2.6351,2.5817,2.5186,2.9522,2.254,2.35,2.3287,2.2971,2.323,2.5965,2.2082,1.8309,2.1112,2.0201,2.1175,1.9581,2.1452,2.2295,1.9936,2.0654,1.9784,2.0073,1.9097,1.9407,1.9886,1.9638,2.1819,1.9418,1.8981,1.9639,2.1959,1.7335,1.7205,1.8215,1.9415,1.6751,1.6751,1.6781,1.7025,1.6844,1.6972,1.6379,1.7318,1.6808,1.6645,1.7057,1.7368,1.7161,1.7334,1.8364,1.7626,1.597,1.8756,1.8056,1.7078
3.3445,4.0348,4.1945,4.2166,5.6128,6.0478,6.036,5.1856,4.2074,3.9866,3.7811,3.8466,3.3963,3.1461,3.1326,3.7831,4.1205,3.4782,3.1514,3.0555,2.8564,2.8553,2.7638,2.881,2.3102,2.5627,2.5182,2.4827,2.4518,2.352,2.7537,2.1813,2.189,2.2121,2.2512,2.196,2.105,2.2136,2.1842,2.216,2.1449,2.145,2.1082,2.0721,2.1072,2.0507,2.2732,2.0412,1.9156,1.9454,1.9286,1.8902,1.8566,1.8859,2.004,1.854,1.8663,1.8167,1.8525,1.8606,1.8281,1.9029,1.7946,1.8513,1.8475,1.8417,1.8295,1.797,1.7884,1.8738,1.8533,1.8605,1.8777,1.8269,1.7956
3.1106,3.8848,4.0048,4.0269,5.1847,5.9977,5.9924,5.3417,4.0789,3.8087,3.5156,3.7254,3.038,3.0572,3.2562,3.3552,3.3189,3.2993,2.8167,2.7415,2.7007,2.4949,2.5467,2.3473,2.7751,2.3865,2.3018,2.3477,2.3034,2.2377,2.3171,2.2797,2.1813,2.0307,2.1325,1.9924,2.0433,2.1996,1.9079,1.9635,1.8794,1.9496,1.8823,1.8473,1.9303,1.8864,1.7975,1.8269,1.665,1.7682,1.7767,1.8356,1.6267,1.6786,1.6284,1.7112,1.7071,1.6764,1.708,1.7073,1.6772,1.6815,1.6371,1.6419,1.5974,1.6598,1.63,1.6276,1.653,1.6504,1.6669,1.6808,1.612,1.6158,1.6587
3.1309,3.7091,3.9982,4.0203,5.2253,5.879,5.8708,5.121,4.031,3.8109,3.5859,3.4644,3.2036,3.0294,2.9484,2.9449,2.9912,2.8559,2.6484,2.6367,2.5381,2.4577,2.4808,2.5043,2.1508,2.3262,2.272,2.2271,2.2066,2.1895,2.3333,2.2622,1.905,2.0001,2.0504,1.932,1.9041,2.0637,1.887,1.9695,1.8706,1.8697,1.8481,1.8277,1.8518,1.7837,1.6656,1.7855,1.8553,1.809,1.8076,1.786,1.7236,1.7225,1.7452,1.7176,1.6791,1.6759,1.6406,1.6631,1.6003,1.6693,1.5669,1.6224,1.6362,1.6165,1.592,1.5657,1.6459,1.6789,1.6324,1.5747,1.6151,1.6711,1.6703
2.7535,3.4099,3.8563,3.8784,5.3422,5.7862,5.7721,4.7021,3.9014,3.6998,3.5134,3.4556,3.2882,3.1759,3.1721,3.1418,2.9919,2.6436,2.7383,2.6854,2.6517,2.604,2.5505,2.3734,2.6689,2.4973,2.4408,2.4171,2.3952,2.4271,2.4934,2.0893,2.1931,2.1689,2.2217,2.1425,2.0346,2.1809,2.0797,2.1184,2.0123,2.0554,2.0336,2.0073,2.0312,1.965,2.0183,1.9595,1.9153,1.9,1.9817,1.9677,1.9044,1.8621,1.8256,1.869,1.8495,1.8365,1.8256,1.8113,1.8043,1.8886,1.7926,1.8536,1.7939,1.8035,1.8005,1.8203,1.8182,1.8281,1.816,1.8133,1.8494,1.8017,1.8242
3.0552,3.6948,3.9391,3.9611,5.4267,5.6445,5.6252,4.2685,3.6548,3.4429,3.2368,3.1601,2.852,2.7971,2.7103,2.8035,2.9952,2.6886,2.496,2.4952,2.3709,2.3491,2.2929,2.4222,2.1221,2.1544,2.1107,2.0806,2.0518,2.0978,2.2099,1.9042,1.851,1.8506,1.9023,1.8651,1.8541,1.8084,1.6976,1.7497,1.674,1.6819,1.661,1.6424,1.6271,1.6148,1.6422,1.6134,1.6026,1.5697,1.5643,1.5551,1.5282,1.4501,1.5484,1.5318,1.5064,1.4707,1.4759,1.5105,1.441,1.4909,1.4765,1.5057,1.4423,1.4422,1.466,1.4323,1.418,1.4193,1.4119,1.5008,1.4888,1.4661,1.4547
3.186,3.7933,3.8895,3.9116,5.4362,5.4627,5.4381,3.9409,3.4598,3.2825,3.1226,2.9355,2.7313,2.5689,2.5921,2.4868,1.7064,1.8749,2.0091,1.8663,1.7747,1.6165,1.7093,1.6409,1.2999,1.3581,1.3285,1.2818,1.1981,0.94002,1.4707,1.3714,1.1182,0.99159,1.082,1.0646,0.80522,0.88132,0.70396,0.82117,0.61836,0.56811,0.67078,0.63999,0.7809,0.78607,0.4787,0.70996,0.36443,0.42545,0.55585,0.42371,0.5415,0.52505,0.49289,0.32733,0.23136,0.35452,0.40134,0.45322,0.36945,0.010238,0.24588,0.19857,0.19464,0.27732,0.32409,0.075189,0.074527,-0.015668,0.11723,0.31251,0.35103,0.12829,0.17009
3.131,3.7087,3.6774,3.6994,5.4116,5.2381,5.2054,3.619,3.2501,3.0473,2.8538,2.7397,2.5242,2.0816,2.337,2.4725,2.2567,2.0154,1.7926,1.8196,1.6685,1.6033,1.6071,1.1624,1.3459,1.2457,1.2071,1.1556,1.0487,1.3021,0.93322,0.73246,0.91829,0.69442,0.88833,0.96175,0.31941,0.39163,0.45742,0.32032,0.27251,-0.057563,0.19557,0.10815,0.060874,0.31602,0.49573,0.2064,0.02243,-0.25435,0.45132,0.20431,0.11397,0.36998,-0.149,-0.15528,-0.34657,-0.54947,-0.54011,-0.21773,-0.14945,-0.75435,-0.64891,-0.66782,-0.61994,-0.70137,-0.23385,-1.0059,-0.54176,-0.66838,-0.76661,-0.42973,-0.46852,-1.1262,-0.99309
2.9564,3.5681,3.4291,3.4512,5.2898,5.0057,4.9672,3.5472,3.132,2.9724,2.8305,2.5424,2.4758,2.408,2.3916,2.236,1.6312,1.9132,1.8182,1.5666,1.5722,1.4238,1.5971,1.1173,1.0914,1.0803,1.0456,1.0276,0.88826,0.56371,0.64895,0.9606,0.79338,0.76371,1.0098,1.0634,0.25358,0.26903,0.41194,0.52358,0.36713,0.42623,0.45601,0.39862,0.66377,0.45252,-0.012935,0.16121,0.19263,0.10786,0.3221,0.17953,0.58763,0.34909,-0.34266,0.032275,-0.066687,-0.15761,0.12946,0.11784,-0.20679,0.046892,-0.1978,-0.054668,-0.10762,0.037594,-0.32345,-0.18098,-0.19553,-0.22969,0.015158,-0.050849,-0.056987,-0.27634,-0.30996
2.5746,3.1898,3.4433,3.4654,5.1604,4.7765,4.7305,3.2261,2.9024,2.6842,2.4456,2.0532,2.0102,1.6232,2.0378,2.1827,1.8958,1.0033,1.5877,1.3815,1.3115,1.3672,1.5695,0.74029,0.76363,0.61623,0.52688,0.67662,0.88118,1.1657,0.6902,0.51638,0.58649,0.52378,0.78789,0.90049,-0.21545,0.030806,-0.42931,-0.12871,0.01117,-0.11233,-0.094565,-0.10924,0.43923,0.3809,-0.57279,-0.11191,-0.36951,-0.47921,-0.32816,-0.44965,-0.012679,0.086302,-0.65671,-0.46603,-0.31657,-0.56769,-0.54547,-0.088243,-0.59937,-0.8599,-0.50142,-0.63917,-0.86203,-0.38553,-0.83478,-1.1398,-0.62951,-0.64124,-0.77288,-0.70218,-0.24612,-0.28022,-0.19783
2.2541,2.8562,3.076,3.0981,4.8925,4.4349,4.3817,2.7059,2.4867,2.317,2.1632,1.9056,1.4769,1.8171,1.8244,1.6475,1.2646,1.4365,0.33917,0.88431,0.90056,0.89196,1.1878,0.044615,0.48514,0.033305,-0.19686,0.021729,0.13408,0.36556,0.15303,-0.18857,-0.27584,0.072662,0.59139,0.69628,-0.38531,-0.297,-0.0886,-0.079045,-0.30878,-0.37597,-0.27585,-0.44308,0.38604,0.22989,-0.15763,0.24266,0.42207,-0.34255,-0.65695,-0.22522,-0.49335,-0.27689,-0.87492,-0.32613,-0.34592,-0.97906,-0.93833,-0.14149,-0.276,-0.25604,-0.060807,-0.47959,-0.68315,-0.52079,-0.90418,-0.53474,-0.5815,-1.1455,-0.9637,-0.10093,0.16068,-0.31335,-0.46547
1.0984,2.0799,1.838,1.8601,4.4481,3.826,3.7524,2.0856,2.0883,1.7994,1.4212,1.4504,0.85018,0.74658,1.221,1.2965,0.94838,1.3541,0.94788,0.43321,0.090581,0.99614,1.3488,0.31604,0.32141,0.025887,0.405,0.27818,0.087006,0.25672,0.18099,0.36569,-0.1665,-0.284,0.47662,0.70723,0.12678,0.28396,0.40935,0.33925,-0.30591,-0.36483,-0.25004,-0.34379,0.12557,0.23375,0.074239,0.4331,0.15088,-0.20203,-0.085281,0.034494,-0.0035977,0.23217,-0.10159,0.31639,0.13448,-0.15779,-0.20081,-0.21751,-0.062827,-0.10367,0.15608,-0.10592,-0.10829,-0.4229,-0.38294,-0.3722,-0.29193,-0.20516,0.0038249,-0.12642,0.046126,-0.041619,0.027571
